date,direction,gap_pts_at_lon,zone_width_pts,wave_bars,wave_extension_pts,wave_total_pts,pts_per_bar,slope_pts_bar,r2,avg_body_pts,avg_range_pts,body_ratio,pct_directional,rsi_at_peak,bb_pctb_at_peak,bb_width_pts_peak,bb_expanding,bb_width_chg_pct,macd_hist_peak,ema20_dist_pts,atr_mult,rsi_divergence,macd_divergence,reached_far_edge,max_progress_pct,pullback_pts
2023-09-04,LONG,1200.0,100.0,20,840.0,2040.0,44.2,-30.56,0.301,198.5,388.0,0.512,55.0,34.9,0.087,1317.8,True,8.8,-45.76,-544.6,1.7,False,True,False,63.8,960.0
2023-09-05,SHORT,2810.0,240.0,32,4800.0,7610.0,154.8,94.52,0.677,505.0,807.5,0.625,68.8,65.6,1.052,3383.4,False,-3.2,77.75,1867.2,1.93,True,True,False,3.9,1180.0
2023-09-07,SHORT,470.0,460.0,28,1830.0,2300.0,67.8,48.91,0.638,244.3,562.5,0.434,53.6,66.8,1.017,2100.8,True,45.8,51.75,1085.8,1.54,False,False,False,37.6,660.0
2023-09-11,LONG,2710.0,40.0,40,1560.0,4270.0,40.0,-32.06,0.221,305.0,552.2,0.552,52.5,32.7,0.167,3661.9,True,18.7,-96.02,-1221.1,2.0,False,False,False,61.8,1060.0
2023-09-12,SHORT,1860.0,330.0,25,1480.0,3340.0,61.7,52.48,0.65,310.8,570.8,0.544,56.0,64.1,0.952,1826.4,False,-8.9,12.41,824.8,1.33,True,True,False,43.4,1460.0
2023-09-13,SHORT,1690.0,330.0,21,600.0,2290.0,30.0,42.64,0.448,258.6,464.8,0.556,66.7,60.1,0.861,1621.5,True,6.6,-11.4,584.6,1.25,True,True,False,96.5,350.0
2023-09-14,LONG,450.0,200.0,2,90.0,540.0,90.0,-90.0,1.0,305.0,405.0,0.753,50.0,56.9,0.798,1371.6,False,-0.8,130.13,408.8,1.24,False,True,True,1143.1,6800.0
2023-09-18,LONG,190.0,40.0,43,2070.0,2260.0,49.3,-41.66,0.415,301.2,475.6,0.633,55.8,33.4,0.199,4057.4,True,265.7,-171.33,-1221.2,2.55,False,False,True,491.3,1040.0
2023-09-19,SHORT,980.0,40.0,1,0.0,980.0,0.0,0.0,0.0,90.0,390.0,0.231,0.0,55.0,0.642,822.2,False,0.0,3.6,116.7,0.39,False,False,True,353.9,370.0
2023-09-21,SHORT,720.0,1050.0,22,1690.0,2410.0,80.5,72.07,0.404,363.2,709.1,0.512,59.1,66.2,0.928,3092.6,True,67.1,217.05,1324.8,1.91,False,False,True,130.5,3280.0
2023-09-22,SHORT,460.0,80.0,2,2870.0,3330.0,2870.0,2870.0,1.0,1625.0,2250.0,0.722,50.0,73.0,1.468,2305.7,True,152.7,97.69,2231.9,2.54,False,False,True,207.4,1280.0
2023-09-25,SHORT,340.0,110.0,34,4740.0,5080.0,143.6,111.46,0.595,355.6,611.8,0.581,50.0,76.9,0.866,6631.7,True,871.4,342.5,2425.7,2.95,False,False,True,148.9,1140.0
2023-09-27,SHORT,230.0,490.0,45,5720.0,5950.0,130.0,139.13,0.927,382.0,664.2,0.575,55.6,68.8,0.886,4166.5,True,355.5,83.37,1609.4,2.17,False,False,False,87.5,1110.0
2023-10-02,LONG,670.0,90.0,2,1190.0,1860.0,1190.0,-1190.0,1.0,890.0,1005.0,0.886,100.0,25.6,-0.327,2122.3,True,79.7,-192.82,-1755.9,3.56,False,False,True,1022.4,8940.0
2023-10-05,LONG,240.0,60.0,48,4120.0,4360.0,87.7,-91.42,0.854,412.9,766.3,0.539,56.2,30.9,0.067,3196.8,True,14.6,-94.64,-1383.3,2.41,False,False,True,376.7,210.0
2023-10-06,SHORT,750.0,240.0,24,4320.0,5070.0,187.8,48.68,0.063,547.5,841.7,0.65,54.2,76.5,1.214,5993.5,True,201.9,517.2,4276.5,3.33,False,False,True,491.9,8270.0
2023-10-09,SHORT,1880.0,60.0,6,1650.0,3530.0,330.0,303.43,0.8,468.3,786.7,0.595,83.3,72.7,0.999,3477.4,True,72.9,205.94,1734.1,2.72,False,False,True,190.2,5140.0
2023-10-12,LONG,560.0,510.0,1,0.0,560.0,0.0,0.0,0.0,480.0,540.0,0.889,0.0,45.9,0.437,1839.6,False,0.0,-13.14,-115.6,0.25,False,False,True,919.6,9490.0
2023-10-13,LONG,850.0,460.0,5,1150.0,2000.0,287.5,-245.0,0.783,326.0,712.0,0.458,80.0,34.1,-0.001,1701.2,True,48.7,-92.37,-851.6,1.55,False,False,True,265.6,3170.0
2023-10-16,LONG,1210.0,140.0,52,2620.0,3830.0,51.4,-54.73,0.783,257.7,541.3,0.476,53.8,27.4,-0.061,1794.8,True,50.1,-51.21,-1007.6,2.4,False,False,False,81.5,290.0
2023-10-17,SHORT,900.0,450.0,23,1540.0,2440.0,70.0,-70.59,0.217,550.0,779.6,0.706,47.8,63.2,0.957,4407.5,True,190.5,23.82,2013.1,2.03,False,True,True,239.3,3120.0
2023-10-23,SHORT,640.0,280.0,3,320.0,960.0,160.0,160.0,0.842,260.0,586.7,0.443,66.7,53.6,0.569,799.1,False,-15.5,-77.18,55.3,0.14,False,True,True,793.5,6320.0
2023-10-26,SHORT,1940.0,210.0,34,970.0,2910.0,29.4,-4.72,0.006,411.2,722.1,0.569,50.0,59.7,0.896,3143.9,True,145.8,107.98,1245.1,1.32,False,False,False,91.2,1670.0
2023-10-31,SHORT,1950.0,170.0,39,4830.0,6780.0,127.1,177.93,0.541,460.8,826.7,0.557,64.1,81.4,0.793,10213.8,True,434.0,412.49,2992.9,3.3,False,False,True,209.4,1760.0
2023-11-02,LONG,1470.0,1270.0,25,5290.0,6760.0,220.4,-218.14,0.896,376.0,678.8,0.554,68.0,17.2,0.075,6302.1,True,916.8,-278.19,-2679.1,3.62,False,False,False,40.9,3530.0
2023-11-06,LONG,600.0,140.0,11,1530.0,2130.0,153.0,-173.0,0.672,388.2,627.3,0.619,63.6,30.5,-0.015,2432.0,True,139.6,-141.69,-1251.3,2.14,False,False,True,262.2,3270.0
2023-11-14,LONG,1230.0,170.0,51,15350.0,16580.0,307.0,-399.15,0.864,513.9,832.9,0.617,54.9,20.5,0.022,4976.9,True,563.7,305.38,-2378.6,3.92,False,True,False,41.4,0.0
2023-11-15,LONG,15830.0,170.0,25,890.0,16720.0,37.1,4.45,0.004,298.8,568.4,0.526,48.0,40.0,0.139,2309.2,True,69.7,-114.05,-833.8,1.44,False,False,False,20.6,2870.0
2023-11-16,LONG,12680.0,170.0,34,4520.0,17200.0,137.0,-83.09,0.441,406.2,676.5,0.6,61.8,29.9,0.081,5853.7,True,537.5,-334.58,-2454.7,2.57,False,False,False,3.1,2990.0
2023-11-17,LONG,13050.0,170.0,48,5760.0,18810.0,122.6,-93.85,0.713,430.6,746.7,0.577,62.5,31.5,0.027,3170.4,True,172.9,-120.61,-1498.2,2.61,False,False,False,6.8,410.0
2023-12-12,LONG,1210.0,130.0,26,2020.0,3230.0,80.8,-93.36,0.806,241.2,488.1,0.494,61.5,28.7,0.121,3054.9,True,60.2,-53.76,-1156.5,2.3,True,True,True,188.1,2340.0
2023-12-14,LONG,13260.0,130.0,42,8330.0,21590.0,203.2,-227.77,0.91,595.0,993.1,0.599,57.1,30.4,0.227,9124.3,True,403.6,-145.83,-2494.5,2.46,False,False,False,11.8,1770.0
2023-12-15,LONG,20020.0,130.0,5,740.0,20760.0,185.0,-193.0,0.787,268.0,562.0,0.477,60.0,41.0,0.209,2103.8,True,3.9,-37.21,-611.9,1.16,False,False,False,33.7,6920.0
2023-12-18,LONG,1860.0,60.0,11,540.0,2400.0,54.0,-11.18,0.018,275.5,455.5,0.605,45.5,36.8,-0.167,1145.4,False,-31.4,-8.21,-763.7,1.65,False,True,False,97.9,2090.0
2023-12-19,LONG,1040.0,60.0,36,4320.0,5360.0,123.4,-125.41,0.724,429.7,690.0,0.623,61.1,31.3,0.162,6311.0,True,602.1,-237.19,-2131.2,2.47,False,False,False,90.0,1050.0
2023-12-20,LONG,3200.0,60.0,32,1190.0,4390.0,38.4,15.18,0.037,287.2,566.3,0.507,53.1,35.1,0.155,3292.0,True,121.3,-267.97,-1134.2,1.99,False,False,False,54.0,1860.0
2023-12-21,LONG,2780.0,60.0,51,5100.0,7880.0,102.0,-112.97,0.778,329.2,662.9,0.497,58.8,33.3,-0.177,1775.6,True,83.7,6.97,-1201.8,2.03,False,False,False,38.4,0.0
2023-12-22,LONG,7930.0,60.0,31,3740.0,11670.0,124.7,-110.17,0.862,282.3,662.6,0.426,71.0,26.6,-0.032,2850.9,True,298.1,-56.97,-1517.3,1.79,False,False,False,6.3,2990.0
2023-12-26,LONG,9890.0,60.0,51,1270.0,11160.0,25.4,-37.6,0.556,200.8,358.0,0.561,49.0,33.2,-0.011,1202.6,True,92.9,-28.37,-613.9,1.89,False,False,False,14.3,0.0
2023-12-27,LONG,11660.0,60.0,38,5740.0,17400.0,155.1,-138.28,0.786,277.1,537.4,0.516,71.1,11.3,0.089,6940.9,True,463.2,-362.27,-2854.5,3.81,False,False,False,7.3,500.0
2023-12-28,LONG,18990.0,60.0,11,940.0,19930.0,94.0,-13.73,0.009,393.6,680.0,0.579,63.6,31.8,-0.177,2133.6,True,77.8,-48.65,-1444.3,2.18,False,False,False,30.3,6500.0
2023-12-29,LONG,15100.0,60.0,1,0.0,15100.0,0.0,0.0,0.0,10.0,280.0,0.036,100.0,34.6,0.131,1483.7,False,0.0,-119.53,-547.5,2.02,False,False,False,20.7,2260.0
2024-01-02,LONG,11390.0,60.0,5,780.0,12170.0,195.0,-3.0,0.0,798.0,1018.0,0.784,60.0,44.6,0.184,2245.0,True,19.6,-110.28,-708.3,0.95,False,True,False,64.5,7760.0
2024-01-03,LONG,4440.0,60.0,5,600.0,5040.0,150.0,-142.0,0.831,274.0,558.0,0.491,60.0,45.5,0.308,1214.2,False,-16.7,30.31,-232.8,0.56,False,False,True,122.7,3350.0
2024-01-04,LONG,2890.0,60.0,12,1610.0,4500.0,146.4,-129.65,0.575,464.2,760.0,0.611,58.3,31.9,0.121,4084.8,True,133.7,-167.04,-1549.7,2.26,False,False,False,67.1,2830.0
2024-01-05,LONG,530.0,60.0,35,5790.0,6320.0,170.3,-93.2,0.219,498.9,1005.7,0.496,51.4,20.6,0.024,10310.9,True,293.9,-869.99,-4912.0,2.73,False,False,True,908.5,3870.0
2024-01-08,LONG,370.0,360.0,39,3260.0,3630.0,85.8,-67.04,0.442,326.2,627.4,0.52,53.8,21.0,0.037,4826.0,True,192.4,-283.48,-2234.8,3.17,False,False,True,284.9,1280.0
2024-01-09,LONG,1890.0,360.0,3,350.0,2240.0,175.0,-175.0,0.771,263.3,530.0,0.497,100.0,48.8,0.458,2267.1,False,-8.9,26.56,-95.1,0.24,False,False,True,176.4,3850.0
2024-01-11,LONG,2610.0,360.0,26,70.0,2680.0,2.8,-15.25,0.031,217.7,412.7,0.527,50.0,35.0,0.239,2754.7,True,193.3,-139.59,-717.8,1.71,True,False,True,193.9,1410.0
2024-01-12,LONG,1020.0,360.0,33,2340.0,3360.0,73.1,10.52,0.007,419.1,765.5,0.548,48.5,32.2,0.103,5370.7,True,311.1,-455.06,-2134.6,2.07,False,False,True,173.9,2930.0
2024-01-16,SHORT,4690.0,300.0,44,4520.0,9210.0,105.1,72.3,0.574,518.6,868.2,0.597,56.8,63.4,0.944,3645.4,True,172.6,159.58,1616.9,1.64,True,False,False,25.3,380.0
2024-01-17,SHORT,9920.0,300.0,32,1700.0,11620.0,54.8,30.63,0.128,348.1,656.9,0.53,50.0,72.0,1.004,3790.5,True,31.8,271.27,1909.1,2.64,False,False,False,20.5,2530.0
2024-01-18,SHORT,6990.0,300.0,28,4060.0,11050.0,150.4,73.59,0.41,375.4,617.1,0.608,64.3,75.7,1.059,4137.1,True,142.0,336.45,2310.9,3.13,False,False,False,6.0,880.0
2024-01-19,SHORT,9530.0,300.0,31,540.0,10070.0,18.0,-6.72,0.015,307.7,561.0,0.549,58.1,66.3,1.093,1922.5,False,-8.1,166.16,1140.6,1.82,False,False,False,17.6,2150.0
2024-01-22,LONG,800.0,140.0,25,410.0,1210.0,17.1,-0.01,0.0,250.8,496.4,0.505,56.0,38.3,0.056,1575.8,True,76.2,-124.23,-700.2,1.51,False,False,True,194.7,1780.0
2024-01-23,LONG,2680.0,140.0,1,0.0,2680.0,0.0,0.0,0.0,90.0,320.0,0.281,0.0,26.7,0.047,3789.9,False,0.0,-223.33,-1718.2,3.2,False,False,True,290.1,5980.0
2024-01-25,LONG,260.0,140.0,13,910.0,1170.0,75.8,-72.86,0.728,177.7,463.1,0.384,61.5,29.2,0.144,2378.8,True,100.1,-103.21,-847.1,1.91,False,True,True,1107.5,4470.0
2024-01-30,SHORT,420.0,30.0,1,0.0,420.0,0.0,0.0,0.0,40.0,290.0,0.138,100.0,66.2,0.999,1617.8,False,0.0,151.07,806.9,2.35,False,False,True,608.9,1790.0
2024-01-31,SHORT,670.0,30.0,5,250.0,920.0,62.5,74.0,0.579,202.0,564.0,0.358,40.0,62.2,0.989,717.6,True,7.8,-41.88,351.0,0.82,False,True,True,952.9,5340.0
2024-02-01,SHORT,1820.0,30.0,2,720.0,2540.0,720.0,720.0,1.0,500.0,690.0,0.725,100.0,77.4,0.989,3634.7,True,13.4,145.4,1777.2,3.63,False,False,True,380.5,7600.0
2024-02-08,LONG,370.0,170.0,1,0.0,370.0,0.0,0.0,0.0,230.0,490.0,0.469,100.0,46.0,0.347,775.0,False,0.0,26.5,-118.4,0.38,False,False,True,800.0,1700.0
2024-02-13,SHORT,1050.0,40.0,49,8140.0,9190.0,169.6,196.39,0.679,458.4,728.6,0.629,53.1,73.9,1.301,2247.2,True,87.2,-93.71,1800.5,3.23,False,False,True,143.1,290.0
2024-02-14,SHORT,7920.0,40.0,11,1410.0,9330.0,141.0,123.91,0.773,297.3,650.9,0.457,72.7,65.8,0.811,2731.5,True,156.6,134.91,849.3,1.55,False,False,False,19.2,2200.0
2024-02-15,SHORT,6190.0,40.0,4,360.0,6550.0,120.0,152.0,0.427,295.0,517.5,0.57,50.0,50.4,0.59,1102.7,True,25.1,0.98,99.4,0.25,False,False,False,73.0,3800.0
2024-02-16,SHORT,3500.0,40.0,27,2330.0,5830.0,89.6,-0.51,0.0,247.8,494.4,0.501,51.9,78.5,1.347,2754.2,True,285.5,227.62,2332.0,3.06,False,False,False,56.5,3650.0
2024-02-20,SHORT,990.0,30.0,3,470.0,1460.0,235.0,235.0,0.873,223.3,370.0,0.604,66.7,58.0,0.886,640.1,True,0.3,-40.23,246.9,0.82,False,False,True,524.5,3250.0
2024-02-28,SHORT,420.0,90.0,12,2050.0,2470.0,186.4,187.62,0.92,250.8,451.7,0.555,75.0,82.5,0.908,3568.4,True,90.7,133.01,1457.6,3.44,False,False,True,288.2,2550.0
2024-03-01,SHORT,1070.0,90.0,32,1940.0,3010.0,62.6,11.26,0.05,239.4,490.3,0.488,53.1,71.8,1.069,2321.8,True,97.2,151.98,1320.6,2.36,False,False,True,208.6,3990.0
2024-03-05,SHORT,610.0,50.0,3,140.0,750.0,70.0,70.0,0.697,66.7,266.7,0.25,66.7,73.7,0.922,1077.6,True,21.0,48.63,454.5,1.74,False,False,True,516.7,1460.0
2024-03-19,SHORT,2150.0,130.0,12,2330.0,4480.0,211.8,217.06,0.921,319.2,545.8,0.585,83.3,76.9,0.963,3677.5,True,11.6,136.22,1702.6,3.24,False,False,False,18.9,2120.0
2024-03-21,LONG,270.0,1370.0,1,0.0,270.0,0.0,0.0,0.0,320.0,620.0,0.516,100.0,37.4,0.074,999.4,False,0.0,119.43,-426.1,1.22,False,False,True,510.4,8180.0
2024-03-26,LONG,1010.0,80.0,14,840.0,1850.0,64.6,-87.16,0.57,213.6,434.3,0.492,50.0,28.7,-0.018,1695.4,True,11.8,-98.08,-877.4,2.1,False,False,True,199.1,2490.0
2024-03-27,SHORT,410.0,20.0,27,1080.0,1490.0,41.5,23.58,0.097,228.1,470.0,0.485,51.9,65.4,0.784,2679.7,True,230.2,142.79,760.1,1.78,False,False,True,283.7,1220.0
2024-03-28,SHORT,150.0,1310.0,12,2790.0,2940.0,253.6,249.9,0.958,295.0,468.3,0.63,66.7,86.3,0.821,5612.6,True,424.2,252.99,1802.6,4.53,False,False,False,87.7,1730.0
2024-04-01,SHORT,330.0,60.0,38,5390.0,5720.0,145.7,140.62,0.746,221.3,433.7,0.51,73.7,85.6,0.814,7484.1,True,968.1,318.4,2348.0,4.17,False,False,False,82.1,720.0
2024-04-02,SHORT,490.0,400.0,1,0.0,490.0,0.0,0.0,0.0,150.0,320.0,0.469,0.0,51.9,0.487,704.8,False,0.0,-31.52,-9.3,0.03,False,False,True,416.9,2550.0
2024-04-03,SHORT,430.0,200.0,2,170.0,600.0,170.0,170.0,1.0,195.0,455.0,0.429,100.0,68.7,0.954,1440.7,True,18.6,128.53,653.5,2.17,False,False,True,927.0,5530.0
2024-04-04,LONG,370.0,20.0,27,2460.0,2830.0,94.6,-45.33,0.463,232.2,427.8,0.543,66.7,28.3,-0.109,2089.4,True,218.7,-118.95,-1272.1,2.53,False,False,True,153.8,2500.0
2024-04-05,SHORT,390.0,170.0,25,4280.0,4670.0,178.3,76.29,0.237,370.0,616.8,0.6,52.0,79.8,1.195,5148.1,True,653.9,431.92,3580.5,3.36,False,False,True,175.0,3710.0
2024-04-12,SHORT,4000.0,180.0,31,3830.0,7830.0,127.7,138.73,0.909,324.2,644.5,0.503,64.5,73.0,0.972,2990.3,False,-35.6,-16.01,1412.9,1.95,True,True,False,18.9,470.0
2024-04-17,LONG,1040.0,460.0,47,3340.0,4380.0,72.6,-31.45,0.259,348.9,667.4,0.523,48.9,28.4,0.081,4367.2,True,76.1,-283.82,-1830.1,2.55,False,False,False,35.3,840.0
2024-04-23,SHORT,600.0,40.0,1,0.0,600.0,0.0,0.0,0.0,80.0,470.0,0.17,0.0,60.3,0.685,1946.1,False,0.0,93.87,360.2,0.96,False,False,True,890.6,5090.0
2024-04-24,SHORT,1310.0,90.0,35,1190.0,2500.0,35.0,13.44,0.153,278.3,514.3,0.541,54.3,61.6,0.981,1649.4,False,-18.7,57.94,792.9,1.26,True,True,False,57.9,1560.0
2024-04-25,LONG,1010.0,130.0,50,1800.0,2810.0,36.7,-4.91,0.004,320.0,635.8,0.503,60.0,35.9,0.171,2835.8,True,51.0,-71.82,-933.6,1.95,False,True,True,254.4,270.0
2024-04-26,SHORT,660.0,250.0,33,5150.0,5810.0,160.9,139.54,0.717,368.5,743.9,0.495,63.6,83.5,1.038,5905.6,True,304.0,390.75,3178.8,3.62,False,False,True,273.6,1540.0
2024-04-30,SHORT,1790.0,610.0,50,3780.0,5570.0,77.1,109.3,0.722,358.0,661.2,0.541,58.0,69.3,0.887,2718.5,True,80.1,-39.49,1052.7,2.34,False,True,False,86.2,30.0
2024-05-01,SHORT,930.0,80.0,1,0.0,930.0,0.0,0.0,0.0,690.0,690.0,1.0,0.0,52.9,0.46,806.0,False,0.0,-58.9,-32.6,0.1,False,False,True,697.0,3600.0
2024-05-07,SHORT,800.0,570.0,46,1900.0,2700.0,42.2,9.75,0.028,224.8,449.1,0.5,54.3,76.1,0.878,4144.8,True,259.6,254.26,1568.3,3.26,False,False,True,130.7,340.0
2024-05-08,SHORT,1270.0,530.0,4,570.0,1840.0,190.0,180.0,0.617,207.5,472.5,0.439,75.0,73.7,1.396,815.3,True,43.6,-19.08,730.4,1.99,False,False,False,70.6,570.0
2024-05-09,SHORT,700.0,360.0,19,1270.0,1970.0,70.6,17.25,0.072,208.4,375.8,0.555,73.7,67.4,0.998,1450.9,False,-0.3,0.75,722.0,1.84,False,True,True,376.4,5170.0
2024-05-10,SHORT,280.0,30.0,30,1660.0,1940.0,57.2,12.21,0.067,260.0,460.3,0.565,40.0,64.6,1.179,1920.4,True,81.7,62.19,1303.5,1.99,False,False,True,296.8,1010.0
2024-05-17,SHORT,500.0,160.0,16,2200.0,2700.0,146.7,130.09,0.711,238.1,383.1,0.622,50.0,68.3,0.729,3379.4,True,190.7,58.17,775.1,2.29,False,False,True,250.0,3260.0
2024-05-21,LONG,540.0,280.0,10,560.0,1100.0,62.2,-54.0,0.181,304.0,442.0,0.688,60.0,33.6,-0.002,1711.4,True,14.0,-94.7,-859.2,2.13,True,True,True,276.8,1420.0
2024-05-23,LONG,300.0,80.0,26,2380.0,2680.0,95.2,-88.34,0.806,281.5,490.4,0.574,65.4,31.3,0.053,2156.9,True,231.1,-64.09,-965.2,2.0,False,False,True,634.2,4310.0
2024-05-24,LONG,170.0,130.0,38,3690.0,3860.0,99.7,-95.87,0.954,223.7,431.8,0.518,71.1,26.1,0.051,2473.0,True,120.5,-37.77,-1110.6,2.33,False,True,True,143.3,840.0
2024-05-28,LONG,990.0,50.0,17,1350.0,2340.0,84.4,-42.92,0.258,220.6,357.1,0.618,64.7,28.2,-0.165,1570.3,True,108.3,-101.51,-1043.9,2.82,False,False,True,157.7,2510.0
2024-05-31,SHORT,860.0,200.0,2,110.0,970.0,110.0,110.0,1.0,245.0,375.0,0.653,100.0,57.4,0.851,755.2,False,-4.7,-21.85,265.1,0.78,False,False,True,461.3,2170.0
2024-06-04,SHORT,740.0,90.0,17,1840.0,2580.0,115.0,112.92,0.782,334.7,571.8,0.585,58.8,64.4,0.808,2878.8,True,219.0,70.97,887.2,1.67,False,True,True,108.4,1840.0
2024-06-05,SHORT,1130.0,230.0,37,1640.0,2770.0,45.6,16.11,0.063,337.0,573.0,0.588,40.5,61.3,0.81,3630.6,True,131.0,132.34,1126.2,1.42,True,False,True,105.1,1790.0
2024-06-06,LONG,510.0,320.0,50,1080.0,1590.0,22.0,-25.63,0.359,249.8,509.8,0.49,52.0,35.9,0.209,2377.4,True,12.9,-97.78,-692.7,1.92,False,False,True,197.6,160.0
2024-06-11,SHORT,250.0,460.0,32,2730.0,2980.0,88.1,82.28,0.857,316.6,568.4,0.557,56.2,66.4,0.92,2359.4,True,330.5,63.71,989.8,1.69,False,False,False,63.4,2110.0
2024-06-13,SHORT,940.0,90.0,39,4740.0,5680.0,124.7,108.61,0.767,347.4,626.7,0.554,64.1,75.6,0.916,5451.1,True,434.6,249.39,2265.8,3.24,False,False,True,140.8,660.0
2024-06-17,SHORT,290.0,30.0,5,360.0,650.0,90.0,33.0,0.04,280.0,638.0,0.439,40.0,62.0,0.95,1152.0,True,29.7,45.02,518.5,1.03,False,True,True,853.1,2700.0
2024-06-26,SHORT,1710.0,380.0,26,2610.0,4320.0,104.4,96.2,0.786,260.8,463.5,0.563,69.2,76.1,1.03,3113.4,True,51.1,86.47,1651.6,2.89,True,True,False,29.2,170.0
2024-07-02,SHORT,1310.0,170.0,3,640.0,1950.0,320.0,320.0,0.914,293.3,600.0,0.489,100.0,76.9,1.137,1623.7,True,70.6,98.68,1033.7,2.59,False,False,True,198.0,3550.0
2024-07-04,LONG,190.0,130.0,38,2000.0,2190.0,54.1,-38.25,0.716,167.1,323.9,0.516,63.2,31.6,0.176,1693.8,True,115.4,-48.0,-549.4,2.04,False,False,False,34.4,200.0
2024-07-12,SHORT,150.0,170.0,1,0.0,150.0,0.0,0.0,0.0,160.0,380.0,0.421,100.0,61.4,0.893,1059.5,False,0.0,54.31,416.9,1.2,False,False,True,1537.5,4540.0
2024-07-17,LONG,1050.0,130.0,13,4510.0,5560.0,375.8,-420.05,0.903,516.2,766.9,0.673,76.9,16.9,0.211,8349.4,True,761.7,-333.63,-2416.8,3.79,False,False,False,75.4,870.0
2024-07-30,SHORT,630.0,90.0,24,1560.0,2190.0,67.8,33.29,0.126,231.2,418.7,0.552,58.3,79.1,1.07,2818.8,True,120.5,240.14,1606.2,3.46,False,False,True,218.1,2290.0
2024-08-01,SHORT,1230.0,580.0,12,2300.0,3530.0,209.1,189.48,0.851,265.0,539.2,0.491,83.3,79.1,0.822,5357.1,True,72.8,159.49,1726.9,3.32,False,True,False,57.5,610.0
2024-08-02,LONG,400.0,360.0,34,11140.0,11540.0,337.6,-391.97,0.851,417.9,766.2,0.545,67.6,8.3,0.268,15945.7,True,582.0,-355.73,-3695.2,3.98,False,False,False,88.2,690.0
2024-08-05,LONG,2760.0,400.0,28,6230.0,8990.0,230.7,-158.35,0.614,679.6,1231.8,0.552,57.1,30.1,0.059,5387.2,True,3.7,-213.4,-2377.0,2.07,False,False,False,34.2,4260.0
2024-08-06,SHORT,1680.0,1480.0,18,2060.0,3740.0,121.2,128.44,0.789,220.0,594.4,0.37,72.2,77.4,0.925,3136.4,True,18.9,84.56,1333.2,2.5,False,True,False,33.2,2370.0
2024-08-07,SHORT,2500.0,330.0,12,690.0,3190.0,62.7,127.62,0.497,323.3,597.5,0.541,58.3,60.8,0.751,2882.3,True,49.9,54.75,724.8,1.25,False,False,False,48.1,1050.0
2024-08-08,LONG,560.0,1570.0,5,380.0,940.0,95.0,-88.0,0.648,128.0,440.0,0.291,40.0,33.8,0.059,1534.2,False,-7.1,-20.57,-676.8,1.49,False,True,True,268.5,2780.0
2024-08-19,LONG,3950.0,150.0,52,2030.0,5980.0,39.8,-64.76,0.591,277.5,473.1,0.587,53.8,31.5,0.049,1871.9,False,-59.2,-10.14,-844.2,2.45,True,True,False,50.5,60.0
2024-08-20,SHORT,350.0,280.0,2,200.0,550.0,200.0,200.0,1.0,120.0,485.0,0.247,50.0,50.2,0.481,1039.9,False,-10.8,-63.48,-19.6,0.05,False,False,True,825.4,5280.0
2024-08-23,LONG,1720.0,540.0,45,6780.0,8500.0,154.1,-187.67,0.633,454.9,763.3,0.596,57.8,25.7,0.239,10787.3,True,1123.4,-141.06,-2818.8,3.23,False,False,True,117.3,780.0
2024-08-28,SHORT,2350.0,280.0,43,3560.0,5910.0,84.8,74.87,0.674,316.7,593.5,0.534,53.5,66.1,0.877,2725.2,False,-18.2,71.27,1028.6,1.93,False,False,False,16.0,640.0
2024-09-02,LONG,1450.0,10.0,7,450.0,1900.0,75.0,-21.07,0.015,352.9,501.4,0.704,71.4,34.1,-0.073,1577.0,True,28.8,-77.68,-903.7,2.12,True,False,False,91.1,710.0
2024-09-04,LONG,710.0,870.0,32,3390.0,4100.0,109.4,-59.16,0.238,325.3,606.9,0.536,62.5,20.6,0.011,5608.5,True,387.5,-454.76,-2744.0,2.96,False,False,True,103.2,510.0
2024-09-06,LONG,1940.0,70.0,23,1110.0,3050.0,50.5,42.45,0.161,308.7,662.6,0.466,52.2,26.9,-0.341,2702.2,True,20.0,-110.14,-2272.9,1.89,True,False,True,268.2,4420.0
2024-09-09,SHORT,1500.0,380.0,17,3230.0,4730.0,201.9,139.39,0.727,342.4,542.4,0.631,64.7,76.7,0.926,3820.7,True,111.1,84.78,1626.1,3.3,False,False,False,2.1,930.0
2024-09-11,LONG,2420.0,140.0,2,480.0,2900.0,480.0,-480.0,1.0,295.0,675.0,0.437,50.0,39.6,0.282,2444.4,False,-1.1,106.42,-533.8,1.04,False,False,True,162.9,3560.0
2024-09-12,SHORT,190.0,560.0,4,230.0,420.0,76.7,59.0,0.251,137.5,405.0,0.34,50.0,62.3,0.958,1172.4,True,16.9,63.5,537.0,1.36,False,False,True,708.0,5400.0
2024-09-13,LONG,330.0,360.0,11,2610.0,2940.0,261.0,-199.09,0.764,416.4,660.9,0.63,63.6,30.9,0.039,2749.1,True,90.6,-120.28,-1266.0,2.11,False,False,False,43.5,2060.0
2024-09-17,SHORT,170.0,170.0,43,2440.0,2610.0,58.1,95.78,0.807,273.5,540.5,0.506,53.5,68.8,0.883,2629.3,True,114.0,28.88,1006.7,1.95,False,False,True,511.8,130.0
2024-09-18,LONG,270.0,1130.0,46,4900.0,5170.0,108.9,-2.49,0.001,354.8,619.8,0.572,52.2,23.1,-0.182,5823.3,True,545.5,-487.01,-3971.9,3.24,False,False,False,62.9,5690.0
2024-09-27,SHORT,700.0,330.0,2,490.0,1190.0,490.0,490.0,1.0,590.0,1135.0,0.52,100.0,51.5,0.542,3789.6,False,-0.1,-141.77,160.3,0.16,False,False,True,498.1,3200.0
2024-10-03,SHORT,1930.0,370.0,31,2340.0,4270.0,78.0,29.36,0.337,255.2,625.2,0.408,45.2,70.0,1.31,1991.1,True,24.6,113.57,1612.3,1.8,False,False,False,22.2,1050.0
2024-10-04,LONG,530.0,330.0,19,210.0,740.0,11.7,-10.7,0.06,154.7,371.6,0.416,68.4,38.7,0.083,980.1,False,-24.4,-42.84,-408.5,1.2,False,False,True,967.4,6460.0
2024-10-07,LONG,180.0,100.0,45,1230.0,1410.0,28.0,-28.96,0.406,268.0,549.6,0.488,64.4,37.7,0.116,1425.2,True,19.4,-63.31,-547.2,1.25,False,False,True,378.6,1300.0
2024-10-08,LONG,400.0,200.0,4,1180.0,1580.0,393.3,-445.0,0.865,347.5,575.0,0.604,75.0,32.1,-0.255,1227.5,True,110.6,-66.91,-926.4,2.02,False,False,True,358.3,2130.0
2024-10-09,SHORT,2160.0,110.0,48,2250.0,4410.0,47.9,62.07,0.825,227.7,431.9,0.527,56.2,68.9,0.888,2192.6,True,37.6,10.85,851.4,2.26,True,True,False,48.9,0.0
2024-10-14,LONG,550.0,70.0,1,0.0,550.0,0.0,0.0,0.0,70.0,230.0,0.304,100.0,40.9,0.129,765.2,False,0.0,-81.94,-283.7,1.2,False,False,True,611.3,2660.0
2024-10-16,SHORT,1110.0,220.0,50,2360.0,3470.0,48.2,60.78,0.599,205.6,421.4,0.488,58.0,78.0,0.878,2342.1,False,-15.5,37.21,885.7,3.04,False,True,True,124.8,300.0
2024-10-17,SHORT,810.0,280.0,26,2200.0,3010.0,88.0,10.25,0.007,301.5,563.5,0.535,34.6,75.0,1.052,4397.3,True,222.2,361.24,2426.6,2.56,False,False,True,173.4,510.0
2024-10-23,SHORT,2210.0,290.0,22,2330.0,4540.0,111.0,100.49,0.709,214.5,434.1,0.494,63.6,82.9,0.979,3151.7,True,49.0,141.3,1508.6,3.18,False,False,False,20.4,1450.0
2024-10-25,SHORT,460.0,280.0,51,2380.0,2840.0,47.6,53.01,0.547,229.0,422.4,0.542,52.9,76.7,0.814,3412.4,True,214.3,71.45,1073.1,3.06,False,False,True,213.5,0.0
2024-10-28,SHORT,540.0,110.0,1,0.0,540.0,0.0,0.0,0.0,150.0,280.0,0.536,0.0,43.5,0.146,1376.6,False,0.0,-186.62,-487.5,1.32,False,False,True,496.9,1720.0
2024-10-31,LONG,320.0,120.0,14,1640.0,1960.0,126.2,-53.03,0.274,250.0,505.0,0.495,50.0,27.4,0.053,2615.4,True,59.2,-77.64,-1168.1,2.4,False,True,True,318.2,550.0
2024-11-06,SHORT,10690.0,200.0,23,3800.0,14490.0,172.7,157.61,0.35,701.7,1191.7,0.589,56.5,70.6,0.921,7717.9,True,5.7,293.09,3247.2,2.79,False,False,False,29.3,2950.0
2024-11-07,SHORT,8290.0,200.0,12,1380.0,9670.0,125.5,80.98,0.323,573.3,865.8,0.662,50.0,52.0,0.666,2870.7,True,1.6,149.95,475.8,0.65,False,False,False,69.6,3400.0
2024-11-08,SHORT,5290.0,200.0,41,6720.0,12010.0,168.0,118.96,0.651,456.1,773.4,0.59,58.5,80.6,1.092,6241.7,True,615.4,376.55,3695.1,3.88,False,False,False,24.4,1310.0
2024-11-11,SHORT,380.0,20.0,28,5820.0,6200.0,215.6,176.05,0.867,418.2,665.4,0.629,67.9,75.8,1.051,3889.9,True,127.2,105.42,2144.8,3.5,False,False,True,125.0,1150.0
2024-11-12,SHORT,7300.0,20.0,41,4080.0,11380.0,102.0,72.55,0.676,369.8,700.0,0.528,61.0,73.9,0.928,4392.2,True,108.9,210.19,1880.3,2.66,False,False,False,8.7,1680.0
2024-11-13,SHORT,10870.0,20.0,48,4150.0,15020.0,88.3,100.7,0.435,510.4,911.9,0.56,54.2,66.9,0.728,7423.2,True,239.5,96.0,1691.9,2.0,False,True,False,35.4,1030.0
2024-11-14,SHORT,16630.0,20.0,17,3540.0,20170.0,221.2,271.32,0.87,334.7,724.1,0.462,64.7,77.7,0.861,5849.2,True,279.6,257.87,2113.8,2.86,False,False,False,17.9,3520.0
2024-11-15,SHORT,16260.0,20.0,35,2120.0,18380.0,62.4,42.79,0.118,406.6,879.1,0.462,51.4,67.9,0.804,6476.7,True,241.7,434.32,1970.9,1.7,False,False,False,19.2,1750.0
2024-11-22,SHORT,4500.0,260.0,9,8550.0,13050.0,1068.8,702.0,0.327,1528.9,1936.7,0.789,55.6,84.0,1.458,8914.2,True,275.1,598.64,8538.6,4.37,False,False,False,54.2,4850.0
2024-11-26,SHORT,1090.0,150.0,46,660.0,1750.0,14.7,12.34,0.011,584.8,999.3,0.585,45.7,62.7,0.838,4463.9,True,49.7,169.28,1507.2,1.8,False,False,True,483.9,800.0
2024-12-02,SHORT,1510.0,30.0,37,4980.0,6490.0,138.3,78.66,0.376,471.4,912.4,0.517,59.5,71.7,0.841,6965.5,True,536.7,390.15,2371.9,2.37,False,False,False,44.8,2500.0
2024-12-03,SHORT,4140.0,30.0,1,0.0,4140.0,0.0,0.0,0.0,780.0,850.0,0.918,0.0,42.5,-0.027,1157.3,False,0.0,-104.17,-610.3,1.19,False,False,False,87.8,1640.0
2024-12-04,SHORT,2980.0,30.0,29,3180.0,6160.0,113.6,73.86,0.588,337.9,712.8,0.474,62.1,66.1,0.948,2488.3,False,-14.9,102.03,1113.7,1.41,False,False,False,82.1,3330.0
2024-12-05,SHORT,430.0,30.0,10,1530.0,1960.0,170.0,105.58,0.268,487.0,788.0,0.618,50.0,55.0,0.721,2753.6,True,19.2,128.65,607.7,0.87,False,False,True,771.7,4970.0
2024-12-19,SHORT,10890.0,40.0,40,4610.0,15500.0,118.2,75.59,0.452,428.5,879.5,0.487,50.0,73.3,1.037,5588.4,True,272.8,358.66,3002.6,2.82,False,False,False,14.4,760.0
2024-12-20,SHORT,13470.0,40.0,2,200.0,13670.0,200.0,200.0,1.0,390.0,685.0,0.569,50.0,36.1,0.075,2832.9,True,14.4,-262.38,-1204.8,1.77,False,True,False,48.0,6360.0
2024-12-23,LONG,230.0,90.0,1,0.0,230.0,0.0,0.0,0.0,90.0,300.0,0.3,100.0,55.4,0.832,743.6,False,0.0,76.98,246.6,0.73,False,False,True,1603.1,2830.0
2024-12-31,SHORT,230.0,10.0,42,5560.0,5790.0,135.6,153.94,0.86,351.0,704.0,0.498,57.1,78.8,0.869,6122.2,True,593.3,222.56,2257.8,2.88,False,False,True,600.0,930.0
2025-01-02,SHORT,3220.0,10.0,39,11250.0,14470.0,296.1,247.73,0.904,519.7,997.4,0.521,64.1,82.9,0.999,8938.4,True,620.3,468.99,4462.9,3.14,False,False,False,13.0,670.0
2025-01-03,SHORT,10850.0,10.0,34,1180.0,12030.0,35.8,-25.14,0.149,349.7,650.3,0.538,44.1,64.3,1.11,2636.4,True,99.7,208.81,1607.1,2.1,False,False,False,15.6,2760.0
2025-01-09,SHORT,1870.0,290.0,4,1580.0,3450.0,526.7,559.0,0.961,465.0,745.0,0.624,75.0,74.1,0.983,3712.0,True,32.8,217.62,1794.3,2.9,False,False,False,71.8,1410.0
2025-01-10,SHORT,3490.0,290.0,38,4530.0,8020.0,122.4,121.11,0.451,567.9,1085.3,0.523,39.5,67.8,0.835,9178.5,True,242.0,317.21,3074.3,1.86,False,False,False,61.1,1290.0
2025-01-13,SHORT,1950.0,350.0,12,2460.0,4410.0,223.6,55.63,0.056,612.5,1019.2,0.601,41.7,68.7,1.35,2790.7,False,-33.6,41.8,2370.8,2.19,False,False,False,51.3,2040.0
2025-01-20,LONG,2120.0,700.0,33,11490.0,13610.0,359.1,-199.36,0.388,688.5,1060.9,0.649,42.4,17.9,-0.009,15009.4,True,598.4,-1091.24,-7637.9,3.87,False,False,False,22.3,2290.0
2025-01-21,LONG,8560.0,700.0,47,5320.0,13880.0,115.7,-158.72,0.653,456.6,880.9,0.518,63.8,25.9,0.177,6619.8,True,75.2,-98.12,-2141.4,2.78,False,False,False,33.9,1230.0
2025-01-22,LONG,11990.0,700.0,14,3690.0,15680.0,283.8,-287.16,0.888,402.1,735.0,0.547,85.7,22.5,0.032,5027.4,True,226.4,-373.89,-2354.7,3.07,False,False,False,9.0,3940.0
2025-01-23,LONG,9740.0,700.0,44,4200.0,13940.0,97.7,-52.49,0.414,361.4,772.0,0.468,61.4,29.2,-0.01,4576.0,True,272.6,-317.92,-2334.7,2.23,False,False,False,14.2,1180.0
2025-01-24,LONG,15330.0,700.0,41,5650.0,20980.0,141.2,-60.12,0.209,432.2,861.7,0.502,65.9,25.0,0.232,7578.3,True,150.3,-309.22,-2027.2,2.51,False,False,False,1.6,1960.0
2025-01-27,SHORT,1230.0,450.0,6,250.0,1480.0,50.0,-47.43,0.041,523.3,725.0,0.722,50.0,60.0,0.895,1857.3,True,13.1,-66.88,732.8,1.13,True,True,True,476.8,4350.0
2025-01-28,SHORT,2170.0,450.0,21,1350.0,3520.0,67.5,17.75,0.044,377.1,702.9,0.537,47.6,61.6,0.916,2113.8,True,39.5,39.08,880.3,1.39,False,False,False,29.0,930.0
2025-01-29,SHORT,1860.0,450.0,28,4380.0,6240.0,162.2,129.23,0.841,380.0,699.3,0.543,60.7,69.8,1.008,2881.3,True,76.1,86.02,1463.8,2.07,False,False,False,10.8,3060.0
2025-01-30,SHORT,3020.0,450.0,20,1560.0,4580.0,82.1,109.62,0.671,284.5,601.0,0.473,55.0,68.3,0.887,3166.0,True,87.7,176.32,1224.9,2.04,False,False,True,129.4,3000.0
2025-01-31,SHORT,4520.0,450.0,51,3320.0,7840.0,66.4,3.25,0.001,539.2,1010.2,0.534,49.0,62.5,0.743,8467.4,True,464.1,497.19,2057.5,1.51,False,False,False,63.2,0.0
2025-02-04,LONG,6290.0,60.0,47,8430.0,14720.0,183.3,-172.03,0.809,392.3,776.8,0.505,63.8,22.1,0.195,6106.5,True,46.2,25.23,-1860.8,2.5,False,True,False,6.9,330.0
2025-02-05,LONG,15950.0,60.0,36,4100.0,20050.0,117.1,-70.66,0.549,393.6,803.1,0.49,58.3,37.3,0.027,2072.6,True,2.9,-4.89,-980.3,1.1,False,True,False,4.6,1610.0
2025-02-06,LONG,16280.0,60.0,47,1940.0,18220.0,42.2,-37.6,0.227,382.6,685.1,0.558,53.2,28.4,-0.064,3884.1,True,139.4,-248.5,-2191.5,2.92,False,False,False,19.0,1090.0
2025-02-07,LONG,16210.0,60.0,8,1900.0,18110.0,271.4,-258.33,0.975,273.8,530.0,0.517,100.0,26.3,0.057,2568.2,True,86.6,-212.79,-1137.3,2.5,False,False,False,32.2,4450.0
2025-02-11,SHORT,950.0,390.0,1,0.0,950.0,0.0,0.0,0.0,390.0,600.0,0.65,100.0,56.7,0.653,1508.4,False,0.0,-54.86,231.2,0.7,False,False,True,453.7,4820.0
2025-02-17,LONG,660.0,260.0,3,80.0,740.0,40.0,-40.0,0.842,110.0,420.0,0.262,100.0,50.1,0.514,1327.2,False,-6.7,48.7,18.4,0.04,False,False,True,188.0,190.0
2025-02-21,LONG,3200.0,260.0,1,0.0,3200.0,0.0,0.0,0.0,770.0,940.0,0.819,100.0,50.0,0.483,1847.8,False,0.0,78.22,-30.5,0.07,False,False,False,79.2,1360.0
2025-02-25,SHORT,920.0,740.0,13,630.0,1550.0,52.5,28.35,0.118,394.6,689.2,0.573,61.5,58.5,1.01,1268.4,True,14.5,67.51,646.7,1.1,False,False,True,271.1,3870.0
2025-03-10,SHORT,1210.0,100.0,48,2340.0,3550.0,49.8,16.36,0.043,450.2,836.7,0.538,47.9,66.6,1.029,3167.8,True,55.6,163.66,1676.5,2.24,False,False,True,193.1,530.0
2025-03-11,LONG,1950.0,670.0,47,4050.0,6000.0,88.0,-50.82,0.511,430.6,784.3,0.549,57.4,33.9,0.176,3430.9,True,30.2,-87.2,-1112.5,1.83,False,False,False,48.9,670.0
2025-03-12,SHORT,2150.0,60.0,24,1360.0,3510.0,59.1,31.89,0.099,315.8,826.3,0.382,45.8,71.9,1.102,2956.5,True,89.1,200.27,1779.3,1.51,False,False,True,129.0,2040.0
2025-03-17,SHORT,170.0,300.0,2,360.0,530.0,360.0,360.0,1.0,215.0,510.0,0.422,50.0,57.5,0.766,1115.8,True,0.4,17.62,297.2,0.67,False,False,True,940.4,3610.0
2025-03-18,SHORT,620.0,370.0,23,730.0,1350.0,33.2,48.68,0.114,342.2,612.6,0.559,56.5,67.4,0.901,3805.2,True,221.3,321.54,1527.0,2.13,False,False,True,311.1,3370.0
2025-03-19,SHORT,2710.0,230.0,43,3370.0,6080.0,80.2,57.42,0.612,374.2,654.4,0.572,53.5,69.5,0.985,2960.0,True,8.6,110.61,1436.3,2.58,True,True,False,48.6,3400.0
2025-03-24,LONG,730.0,290.0,17,930.0,1660.0,58.1,-38.75,0.181,328.8,667.1,0.493,64.7,33.5,0.02,2255.4,True,4.3,-76.28,-1082.2,1.71,True,True,True,479.4,4430.0
2025-03-26,SHORT,630.0,300.0,50,3160.0,3790.0,64.5,61.48,0.643,310.6,618.6,0.502,56.0,71.3,0.853,4389.8,True,158.4,162.96,1548.4,2.59,False,False,True,133.3,350.0
2025-03-27,LONG,2180.0,420.0,35,3080.0,5260.0,90.6,-59.32,0.453,474.3,785.4,0.604,48.6,31.8,-0.277,3084.1,True,110.5,-191.32,-2395.4,2.49,False,False,False,51.9,1710.0
2025-04-02,SHORT,900.0,40.0,1,0.0,900.0,0.0,0.0,0.0,610.0,760.0,0.803,100.0,61.1,0.865,1394.7,False,0.0,37.67,509.6,1.24,False,False,True,645.7,4720.0
2025-04-03,LONG,5970.0,5430.0,31,11770.0,17740.0,392.3,-388.93,0.852,1031.0,1901.0,0.542,54.8,30.6,0.008,7229.9,False,-16.9,171.31,-3559.7,1.9,True,True,False,19.5,8310.0
2025-04-08,LONG,5710.0,370.0,49,670.0,6380.0,14.0,-18.39,0.033,676.3,1169.2,0.578,49.0,33.2,0.134,7270.6,True,163.9,-397.83,-2662.6,2.32,False,False,False,95.6,1210.0
2025-04-09,LONG,5480.0,1570.0,23,2640.0,8120.0,120.0,-119.21,0.359,711.7,1447.8,0.492,60.9,34.0,0.001,5710.7,False,-3.6,-300.64,-2847.1,1.87,False,False,True,160.3,11400.0
2025-04-11,LONG,7590.0,1580.0,7,6850.0,14440.0,1141.7,-1015.36,0.898,1538.6,3155.7,0.488,100.0,23.8,-0.027,13336.1,True,69.3,-783.49,-7025.4,2.71,False,False,False,42.4,6270.0
2025-04-16,LONG,5400.0,390.0,50,2830.0,8230.0,57.8,-23.36,0.147,571.2,1093.2,0.523,52.0,33.6,-0.154,3312.4,False,-29.7,-199.85,-2167.3,1.96,False,False,False,35.1,740.0
2025-04-21,LONG,4960.0,170.0,11,3600.0,8560.0,360.0,-357.36,0.882,518.2,937.3,0.553,81.8,26.9,0.029,4982.7,True,23.2,-37.39,-2347.8,2.53,False,False,False,36.5,3410.0
2025-04-22,SHORT,260.0,140.0,49,5730.0,5990.0,119.4,115.06,0.815,488.8,903.3,0.541,61.2,67.1,0.79,6437.5,True,42.4,137.63,1864.9,2.15,False,True,True,160.0,210.0
2025-04-23,LONG,3400.0,1630.0,11,2120.0,5520.0,212.0,-254.0,0.537,578.2,1012.7,0.571,72.7,35.3,0.074,4375.1,True,66.9,-340.87,-1862.5,1.97,False,False,True,151.7,9010.0
2025-04-24,LONG,2590.0,350.0,51,2440.0,5030.0,48.8,6.16,0.018,389.2,800.4,0.486,54.9,34.7,0.021,3037.0,True,21.4,-199.25,-1455.6,2.17,True,False,False,37.8,0.0
2025-04-25,SHORT,1540.0,1280.0,27,1750.0,3290.0,67.3,24.96,0.133,399.6,785.2,0.509,55.6,59.0,0.905,2199.4,False,-35.8,123.81,890.5,1.15,False,False,False,42.9,2480.0
2025-04-29,SHORT,880.0,950.0,20,2280.0,3160.0,120.0,128.05,0.816,366.0,705.5,0.519,60.0,63.2,0.783,3354.4,True,20.4,72.57,948.9,1.51,False,False,False,76.5,980.0
2025-05-01,SHORT,3910.0,160.0,35,3070.0,6980.0,90.3,82.6,0.301,499.1,874.3,0.571,57.1,75.2,0.941,7296.2,True,98.6,437.88,3220.5,2.96,False,False,False,85.7,1510.0
2025-05-02,LONG,2480.0,300.0,28,4370.0,6850.0,161.9,-101.02,0.451,510.7,985.7,0.518,57.1,28.8,-0.097,4662.2,True,54.3,-220.12,-2785.6,2.02,False,False,False,64.7,5130.0
2025-05-13,LONG,1270.0,530.0,51,6300.0,7570.0,126.0,-141.45,0.862,352.2,742.9,0.474,62.7,26.0,0.023,2916.3,True,57.7,1.38,-1391.1,2.63,False,False,False,27.8,0.0
2025-05-15,LONG,3050.0,480.0,25,300.0,3350.0,12.5,20.73,0.042,406.4,854.4,0.476,44.0,35.0,-0.027,3012.5,False,-12.1,-133.85,-1586.2,1.57,True,True,False,89.8,1790.0
2025-05-16,LONG,2010.0,360.0,1,0.0,2010.0,0.0,0.0,0.0,140.0,750.0,0.187,100.0,38.0,0.264,2076.9,False,0.0,-18.67,-489.9,0.83,False,False,True,290.3,4980.0
2025-05-19,LONG,1170.0,400.0,15,5150.0,6320.0,367.9,-354.18,0.935,506.7,922.0,0.55,73.3,19.1,0.199,9295.9,True,345.9,-283.26,-2796.3,3.16,False,False,False,32.5,2930.0
2025-05-21,LONG,2900.0,250.0,42,3140.0,6040.0,76.6,-61.2,0.562,423.6,846.9,0.5,54.8,33.9,0.073,2974.6,True,17.4,-85.82,-1271.3,1.59,False,False,False,34.3,2110.0
2025-05-26,LONG,3080.0,40.0,1,0.0,3080.0,0.0,0.0,0.0,150.0,410.0,0.366,100.0,39.3,0.14,1297.8,False,0.0,89.66,-467.3,0.85,False,False,True,107.4,2310.0
2025-05-27,SHORT,2040.0,270.0,36,4400.0,6440.0,125.7,45.4,0.27,344.2,733.9,0.469,50.0,74.5,0.927,4383.5,False,-2.4,204.22,1872.4,2.33,False,False,False,7.8,760.0
2025-06-09,LONG,1660.0,150.0,11,1290.0,2950.0,129.0,-98.09,0.61,358.2,574.5,0.623,72.7,32.6,0.003,2347.9,True,103.1,-70.67,-1166.1,2.04,False,False,True,154.7,1550.0
2025-06-12,LONG,460.0,1150.0,23,8170.0,8630.0,371.4,-327.81,0.926,577.4,1011.7,0.571,69.6,19.0,0.002,7741.8,True,385.7,-224.96,-3852.1,3.47,False,False,False,46.0,3070.0
2025-06-19,SHORT,1490.0,290.0,40,580.0,2070.0,14.9,23.4,0.238,278.2,598.5,0.465,55.0,61.9,0.793,2376.3,True,29.7,106.53,696.3,1.34,False,False,True,155.1,3150.0
2025-06-24,LONG,1110.0,1910.0,30,2790.0,3900.0,96.2,-34.15,0.141,410.7,751.0,0.547,56.7,29.1,-0.289,3347.4,True,74.6,-129.9,-2642.6,2.65,False,False,False,68.2,1280.0
2025-06-26,LONG,2570.0,1630.0,39,2640.0,5210.0,69.5,3.99,0.003,453.6,856.4,0.53,48.7,34.3,-0.03,3347.3,True,38.9,-162.22,-1773.5,2.0,True,False,False,28.8,2020.0
2025-06-27,LONG,1890.0,130.0,24,1050.0,2940.0,45.7,-8.41,0.012,319.6,657.9,0.486,54.2,29.3,-0.254,2272.8,False,-23.1,-142.86,-1714.8,2.2,False,True,True,174.8,3240.0
2025-07-01,LONG,750.0,50.0,13,2940.0,3690.0,245.0,-265.77,0.913,476.9,863.8,0.552,76.9,28.0,0.104,4727.6,True,424.3,-249.5,-1873.2,2.3,False,False,True,305.0,3900.0
2025-07-04,LONG,690.0,1150.0,11,300.0,990.0,30.0,-31.0,0.178,250.0,462.7,0.54,36.4,40.6,0.253,1602.2,False,-29.7,45.11,-395.5,0.96,False,True,False,55.4,800.0
2025-07-08,LONG,1030.0,1590.0,4,440.0,1470.0,146.7,-166.0,0.889,357.5,685.0,0.522,100.0,32.3,0.002,2042.5,True,45.6,-106.54,-1017.8,1.9,False,False,True,222.5,3460.0
2025-07-10,LONG,510.0,260.0,1,0.0,510.0,0.0,0.0,0.0,70.0,330.0,0.212,100.0,48.1,0.479,959.2,False,0.0,45.54,-20.5,0.05,False,False,True,685.7,2220.0
2025-07-16,LONG,1080.0,520.0,35,5450.0,6530.0,160.3,14.35,0.006,539.4,896.6,0.602,42.9,21.1,-0.097,10249.6,True,405.8,-892.37,-6115.6,3.21,False,False,True,273.1,4230.0
2025-07-17,SHORT,3490.0,700.0,20,1120.0,4610.0,58.9,66.03,0.491,240.5,537.0,0.448,55.0,69.1,0.972,2230.5,False,-44.2,60.21,1053.5,2.16,False,True,False,24.8,1780.0
2025-07-21,LONG,1430.0,160.0,36,5430.0,6860.0,155.1,-135.02,0.815,298.9,576.1,0.519,61.1,13.1,-0.026,5286.6,True,125.1,-265.98,-2781.6,3.94,False,False,False,48.4,1270.0
2025-07-22,SHORT,990.0,210.0,1,0.0,990.0,0.0,0.0,0.0,310.0,440.0,0.705,100.0,58.4,0.812,1188.4,False,0.0,41.66,370.5,1.0,False,False,True,552.5,5880.0
2025-07-28,SHORT,2720.0,30.0,47,7880.0,10600.0,171.3,147.58,0.893,337.4,690.9,0.488,66.0,82.0,0.841,5612.5,True,75.9,90.51,1911.4,3.74,False,True,False,29.1,20.0
2025-07-31,LONG,2190.0,890.0,1,0.0,2190.0,0.0,0.0,0.0,300.0,670.0,0.448,0.0,35.7,0.203,3260.3,False,0.0,-209.34,-969.6,1.48,False,False,True,169.5,3610.0
2025-08-07,LONG,1110.0,30.0,4,940.0,2050.0,313.3,-319.0,0.997,277.5,517.5,0.536,75.0,26.2,0.072,3005.5,True,11.5,-119.33,-1287.0,2.77,False,False,True,345.6,1530.0
2025-08-13,LONG,2260.0,270.0,12,1730.0,3990.0,157.3,-180.17,0.92,310.8,542.5,0.573,66.7,16.1,0.205,6094.2,True,157.8,-193.13,-1798.5,3.83,False,False,False,58.9,2210.0
2025-08-15,LONG,2290.0,110.0,31,2210.0,4500.0,73.7,-49.25,0.661,222.3,557.1,0.399,58.1,28.3,-0.03,2130.9,True,15.1,-91.63,-1129.4,1.59,False,False,False,20.0,1240.0
2025-08-21,SHORT,1150.0,360.0,37,3100.0,4250.0,86.1,107.99,0.721,337.8,606.8,0.557,51.4,70.6,0.873,5082.1,True,223.6,217.55,1896.8,2.39,False,False,True,122.5,290.0
2025-08-26,SHORT,310.0,370.0,1,0.0,310.0,0.0,0.0,0.0,810.0,1500.0,0.54,100.0,66.5,1.09,2275.2,False,0.0,98.97,1341.9,1.89,False,False,True,613.2,2870.0
2025-08-27,SHORT,2200.0,330.0,16,2290.0,4490.0,152.7,108.93,0.687,300.6,531.9,0.565,75.0,74.3,0.818,3914.6,True,133.3,49.16,1243.6,2.78,False,False,True,122.5,4690.0
2025-09-01,LONG,2860.0,40.0,10,160.0,3020.0,17.8,-31.21,0.042,424.0,616.0,0.688,60.0,33.6,-0.032,2044.6,False,-5.6,-33.03,-1087.1,1.99,True,True,False,74.5,1290.0
2025-09-03,SHORT,530.0,910.0,2,1110.0,1640.0,1110.0,1110.0,1.0,740.0,1215.0,0.609,100.0,66.1,1.195,1721.1,True,24.3,22.08,1195.5,1.87,False,False,True,302.1,4020.0
2025-09-04,SHORT,820.0,40.0,32,1890.0,2710.0,61.0,42.18,0.482,302.5,666.6,0.454,53.1,64.5,0.945,2420.5,True,278.4,96.41,1076.5,1.47,False,False,False,68.6,1340.0
2025-09-05,LONG,1220.0,270.0,37,6840.0,8060.0,190.0,-197.87,0.852,421.9,743.8,0.567,67.6,28.5,0.241,7999.0,True,979.9,-97.55,-2072.6,2.41,False,False,False,20.8,3430.0
2025-09-08,LONG,770.0,30.0,51,3580.0,4350.0,71.6,-42.0,0.592,292.5,518.8,0.564,58.8,32.2,-0.099,2195.1,True,80.5,-116.23,-1314.2,2.69,False,False,False,31.2,230.0
2025-09-09,LONG,250.0,620.0,12,770.0,1020.0,70.0,-139.34,0.47,333.3,641.7,0.519,66.7,38.0,0.208,2582.1,True,53.4,-107.42,-755.1,1.29,False,False,True,524.1,5220.0
2025-09-16,LONG,2610.0,50.0,41,4900.0,7510.0,122.5,-117.03,0.775,386.8,666.3,0.581,61.0,26.4,0.158,6036.4,True,214.6,-169.73,-2064.0,3.13,True,False,False,27.1,1010.0
2025-09-23,SHORT,820.0,180.0,5,50.0,870.0,12.5,-0.0,0.0,190.0,612.0,0.31,60.0,60.3,0.848,1271.4,True,20.7,62.71,442.9,0.88,True,True,True,195.0,1830.0
2025-09-24,SHORT,2350.0,240.0,27,4260.0,6610.0,163.8,154.79,0.946,253.0,510.4,0.496,70.4,84.1,0.978,3772.3,True,139.4,92.08,1802.6,3.48,False,True,False,23.6,340.0
2025-09-30,LONG,1220.0,260.0,42,1210.0,2430.0,29.5,0.35,0.0,346.4,587.6,0.59,59.5,38.4,0.179,3182.3,True,22.0,-160.98,-1021.9,1.66,True,False,True,118.9,1300.0
2025-10-06,SHORT,830.0,30.0,13,2840.0,3670.0,236.7,249.73,0.678,577.7,893.1,0.647,69.2,70.5,0.838,5435.7,True,127.5,147.9,1838.4,2.38,False,False,True,190.7,4060.0
2025-10-08,SHORT,2980.0,350.0,45,1330.0,4310.0,30.2,31.74,0.214,274.4,542.9,0.506,48.9,68.6,0.723,4262.0,True,269.2,103.26,952.1,2.13,False,False,False,64.6,1500.0
2025-10-09,SHORT,1140.0,220.0,48,5810.0,6950.0,123.6,137.26,0.725,376.2,722.1,0.521,50.0,72.5,0.931,3901.2,False,-2.3,-50.26,1682.2,2.72,False,True,False,77.2,860.0
2025-10-10,LONG,770.0,50.0,34,4530.0,5300.0,137.3,-31.66,0.096,372.6,671.5,0.555,64.7,18.2,-0.24,5163.9,True,597.1,-438.34,-3822.2,3.51,False,False,True,114.6,660.0
2025-10-14,SHORT,160.0,340.0,3,1710.0,1870.0,855.0,855.0,0.992,603.3,903.3,0.668,100.0,73.2,1.046,3927.0,True,39.8,337.17,2145.5,3.17,False,False,True,622.0,4600.0
2025-10-17,LONG,1050.0,830.0,1,0.0,1050.0,0.0,0.0,0.0,110.0,790.0,0.139,0.0,44.5,0.458,1902.1,False,0.0,55.53,-80.0,0.14,False,False,True,214.4,2840.0
2025-10-21,SHORT,1650.0,220.0,23,1830.0,3480.0,83.2,85.95,0.779,257.0,570.4,0.45,73.9,67.6,0.895,2285.4,True,17.8,48.13,901.7,1.58,False,False,False,38.5,280.0
2025-10-23,SHORT,1190.0,410.0,17,820.0,2010.0,51.3,58.63,0.609,160.6,392.4,0.409,52.9,68.1,0.953,1430.2,True,66.3,87.07,647.6,1.83,False,False,False,78.1,1890.0
2025-10-24,SHORT,690.0,200.0,19,620.0,1310.0,34.4,26.91,0.258,189.5,449.5,0.422,52.6,58.1,0.781,1180.0,True,13.3,22.85,331.4,0.85,False,False,True,309.0,1350.0
2025-10-28,LONG,580.0,550.0,40,570.0,1150.0,14.6,7.33,0.014,287.2,551.2,0.521,57.5,39.9,0.281,3674.8,True,99.7,-138.13,-804.9,1.33,False,False,True,229.2,280.0
2025-10-29,SHORT,1040.0,120.0,50,4970.0,6010.0,101.4,9.88,0.011,378.2,662.8,0.571,54.0,81.2,0.958,8676.9,True,313.8,709.87,3975.1,3.32,False,False,True,179.3,920.0
2025-11-05,SHORT,3510.0,170.0,37,1450.0,4960.0,40.3,34.84,0.527,260.8,487.8,0.535,54.1,58.7,0.824,1966.7,True,237.3,49.76,638.1,0.95,False,False,False,16.3,980.0
2025-11-06,SHORT,2210.0,170.0,7,90.0,2300.0,15.0,0.71,0.0,275.7,451.4,0.611,42.9,47.7,0.499,941.9,True,49.7,17.78,-1.4,0.0,False,True,True,149.2,3210.0
2025-11-07,SHORT,420.0,170.0,3,110.0,530.0,55.0,55.0,0.178,186.7,320.0,0.583,33.3,63.3,0.862,1071.7,False,-10.1,26.6,388.0,1.37,False,True,True,761.0,2680.0
2025-11-17,SHORT,1010.0,40.0,53,1590.0,2600.0,30.6,32.79,0.692,214.5,398.9,0.538,47.2,64.2,1.035,1338.9,True,42.4,30.52,716.1,1.9,False,False,True,101.9,0.0
2025-11-18,SHORT,1780.0,40.0,42,1810.0,3590.0,44.1,16.14,0.093,290.5,511.9,0.567,54.8,63.5,0.818,3041.7,True,170.1,171.99,966.0,1.76,False,False,False,44.0,920.0
2025-11-19,SHORT,2800.0,40.0,51,6310.0,9110.0,126.2,130.32,0.897,315.7,554.1,0.57,62.7,76.3,0.912,3541.3,True,202.0,11.87,1460.2,2.93,False,False,False,29.6,0.0
2025-11-20,SHORT,9690.0,40.0,24,670.0,10360.0,29.1,21.5,0.085,189.6,390.4,0.486,50.0,66.8,0.824,2258.7,True,196.1,144.01,731.3,2.05,False,False,False,24.6,1630.0
2025-11-21,SHORT,7790.0,40.0,39,2870.0,10660.0,75.5,66.13,0.607,358.2,666.9,0.537,59.0,61.3,0.893,2514.1,True,106.2,78.66,987.8,1.29,False,False,False,11.1,2020.0
2025-11-24,LONG,1020.0,10.0,25,1180.0,2200.0,49.2,-60.18,0.682,266.8,482.0,0.554,40.0,35.8,0.093,1961.1,True,44.6,-52.8,-798.2,1.78,False,False,True,129.1,1370.0
2025-11-25,LONG,750.0,10.0,47,4920.0,5670.0,107.0,-105.87,0.837,352.8,643.6,0.548,61.7,32.6,0.107,3375.7,True,134.1,-79.3,-1327.2,1.83,False,False,False,47.4,210.0
2025-11-26,LONG,5790.0,10.0,38,1060.0,6850.0,28.6,-11.7,0.027,382.1,684.2,0.558,50.0,34.4,0.097,4141.4,True,299.6,-298.3,-1670.5,2.23,False,False,False,49.8,190.0
2025-11-27,LONG,6640.0,10.0,38,640.0,7280.0,17.3,-22.27,0.286,200.3,368.4,0.544,55.3,36.0,0.14,1571.9,False,-1.7,-93.38,-566.1,1.73,False,False,False,18.6,450.0
2025-11-28,LONG,6040.0,10.0,36,2680.0,8720.0,76.6,-39.38,0.252,298.6,523.3,0.571,55.6,24.0,-0.121,3938.3,True,368.1,-278.96,-2446.4,3.36,False,False,False,28.3,630.0
2025-12-02,LONG,390.0,270.0,51,100.0,490.0,2.0,2.42,0.008,228.4,464.5,0.492,54.9,40.5,0.184,1825.1,True,146.6,-104.16,-576.8,1.44,False,False,True,253.0,0.0
2025-12-03,LONG,3250.0,270.0,50,2750.0,6000.0,56.1,-66.9,0.835,270.8,475.8,0.569,58.0,36.6,0.202,2122.1,True,65.1,-28.53,-633.2,1.63,True,False,False,30.1,140.0
2025-12-04,LONG,4550.0,270.0,35,2130.0,6680.0,62.6,-24.53,0.196,270.6,516.6,0.524,54.3,39.8,0.089,1821.3,True,176.9,-41.73,-748.8,1.2,False,False,False,4.1,2040.0
2025-12-05,LONG,5800.0,270.0,2,260.0,6060.0,260.0,-260.0,1.0,345.0,600.0,0.575,100.0,23.7,0.057,2416.4,True,13.3,-145.01,-1070.3,2.94,False,False,False,43.8,1660.0
2025-12-09,SHORT,1000.0,30.0,45,1880.0,2880.0,42.7,43.75,0.587,291.1,509.3,0.572,57.8,63.0,0.934,2224.0,True,212.4,74.92,965.9,1.88,False,False,True,136.9,470.0
2025-12-10,SHORT,1460.0,30.0,15,480.0,1940.0,34.3,43.32,0.184,238.7,422.7,0.565,60.0,56.8,0.708,1948.7,True,94.5,113.94,404.6,1.04,False,False,True,238.3,1720.0
2025-12-17,SHORT,1490.0,210.0,3,580.0,2070.0,290.0,290.0,0.981,250.0,650.0,0.385,100.0,89.9,0.969,3978.5,True,22.9,185.6,1866.4,3.83,False,False,True,186.5,2290.0
2025-12-19,SHORT,1670.0,210.0,36,1290.0,2960.0,36.9,-0.43,0.0,262.2,491.1,0.534,63.9,59.8,0.785,2430.6,True,77.5,16.32,692.0,1.23,True,True,False,41.0,810.0
2025-12-29,SHORT,460.0,50.0,25,830.0,1290.0,34.6,39.6,0.335,264.8,516.0,0.513,52.0,63.8,0.908,2209.5,True,1.4,130.33,902.5,1.78,False,False,True,323.5,950.0
2025-12-31,SHORT,3100.0,50.0,33,1440.0,4540.0,45.0,-13.43,0.04,256.1,460.0,0.557,45.5,72.8,1.066,2890.1,True,192.0,229.12,1635.8,2.9,False,False,False,53.3,1740.0
2026-01-02,SHORT,2640.0,50.0,14,1930.0,4570.0,148.5,119.21,0.752,227.1,508.6,0.447,57.1,77.7,0.95,2786.4,True,22.1,123.98,1254.6,2.62,False,True,False,41.3,220.0
2026-01-05,SHORT,1060.0,30.0,29,1840.0,2900.0,65.7,19.55,0.077,319.0,531.4,0.6,55.2,69.0,1.02,2804.8,True,21.2,221.48,1459.6,2.6,False,False,True,378.0,5750.0
2026-01-08,SHORT,1800.0,30.0,50,2300.0,4100.0,46.9,46.11,0.791,173.4,394.8,0.439,54.0,68.0,0.807,1986.9,True,188.6,27.53,610.5,1.71,False,False,False,26.8,40.0
2026-01-09,SHORT,4600.0,30.0,33,1980.0,6580.0,61.9,21.41,0.189,264.8,553.6,0.478,51.5,68.9,1.152,2287.4,True,114.9,142.31,1491.2,1.71,False,False,False,26.1,820.0
2026-01-16,SHORT,640.0,40.0,35,1560.0,2200.0,45.9,-8.09,0.03,236.9,444.3,0.533,40.0,70.4,1.292,2271.6,True,141.1,186.85,1799.9,2.57,False,False,True,195.6,510.0
2026-01-19,SHORT,240.0,60.0,12,820.0,1060.0,74.5,101.26,0.476,353.3,600.8,0.588,58.3,58.2,0.82,2011.5,True,30.8,135.07,644.3,1.14,False,False,True,550.0,2050.0
2026-02-03,SHORT,2220.0,40.0,29,2680.0,4900.0,95.7,77.68,0.523,330.3,595.9,0.554,51.7,61.7,0.961,1968.3,True,18.8,-31.58,906.5,1.41,False,True,False,41.2,2310.0
2026-02-04,SHORT,2270.0,40.0,37,3080.0,5350.0,85.6,62.02,0.556,313.0,620.5,0.504,48.6,69.2,1.062,2832.6,True,101.4,163.4,1592.9,2.1,False,False,False,37.7,420.0
2026-02-05,SHORT,5800.0,40.0,12,1610.0,7410.0,146.4,153.04,0.567,272.5,587.5,0.464,66.7,72.7,1.054,2271.9,True,144.1,140.08,1259.3,2.27,False,False,False,24.3,930.0
2026-02-06,SHORT,6500.0,40.0,6,400.0,6900.0,80.0,90.86,0.808,183.3,395.0,0.464,66.7,58.6,0.78,1316.2,False,-9.5,101.56,368.2,1.0,False,False,False,39.8,2280.0
2026-02-09,LONG,2530.0,500.0,53,5540.0,8070.0,106.5,-128.52,0.872,311.3,613.2,0.508,64.2,25.5,-0.088,2192.3,False,-25.7,9.48,-1289.4,2.58,True,True,False,30.4,0.0
2026-02-10,LONG,7290.0,500.0,30,2200.0,9490.0,75.9,-25.3,0.143,292.7,543.7,0.538,53.3,27.9,-0.184,2611.9,True,121.1,-210.14,-1785.9,2.67,False,False,False,10.0,1830.0
2026-02-11,LONG,9870.0,500.0,15,1030.0,10900.0,73.6,-52.5,0.65,226.7,445.3,0.509,60.0,35.8,-0.072,1124.8,False,-46.3,13.99,-643.1,1.5,False,False,False,62.4,2920.0
2026-02-12,LONG,6550.0,500.0,12,1850.0,8400.0,168.2,-138.99,0.773,353.3,555.0,0.637,66.7,38.4,0.22,3107.1,True,7.2,-184.22,-869.4,1.69,False,False,False,10.4,1860.0
2026-02-13,LONG,4730.0,500.0,41,3280.0,8010.0,82.0,-40.12,0.495,303.7,603.2,0.503,51.2,35.3,-0.042,2758.9,True,23.0,-121.37,-1494.6,1.87,False,False,False,3.3,840.0
2026-02-17,SHORT,2110.0,40.0,35,3720.0,5830.0,109.4,95.47,0.664,264.0,518.0,0.51,62.9,78.7,0.891,4636.0,True,485.9,199.58,1813.8,2.79,False,False,False,31.6,3310.0
2026-02-18,SHORT,3160.0,40.0,50,4760.0,7920.0,97.1,85.79,0.729,254.0,505.6,0.502,56.0,80.8,0.927,4108.8,True,603.0,163.15,1754.4,3.3,False,False,False,25.9,0.0
2026-02-19,SHORT,7640.0,40.0,30,3390.0,11030.0,116.9,128.08,0.782,314.3,570.3,0.551,63.3,73.1,0.902,4857.1,True,247.7,252.98,1953.2,2.5,False,False,False,15.8,1110.0
2026-02-20,SHORT,9700.0,40.0,5,1440.0,11140.0,360.0,384.0,0.88,392.0,700.0,0.56,80.0,64.2,1.091,1312.5,True,49.3,10.24,775.1,1.43,False,False,False,31.8,2480.0
2026-03-02,SHORT,2430.0,470.0,39,4320.0,6750.0,113.7,70.52,0.356,481.3,865.6,0.556,69.2,70.8,0.951,5088.4,False,-7.3,172.27,2296.3,2.64,True,True,False,39.3,3090.0
2026-03-03,SHORT,7130.0,470.0,33,8120.0,15250.0,253.7,158.86,0.687,454.5,951.8,0.478,72.7,78.7,1.155,4520.3,True,30.9,146.7,2960.1,2.67,False,False,False,5.0,5580.0
2026-03-04,SHORT,9920.0,470.0,7,1040.0,10960.0,173.3,249.29,0.583,454.3,754.3,0.602,57.1,52.5,0.605,3509.4,True,44.1,-16.08,368.7,0.52,False,False,False,30.2,2840.0
2026-03-05,SHORT,10030.0,470.0,38,3690.0,13720.0,99.7,64.32,0.28,574.7,968.4,0.593,52.6,68.8,0.959,5706.5,True,67.2,333.31,2617.5,2.35,False,False,False,27.0,1040.0
2026-03-06,SHORT,10190.0,470.0,21,3720.0,13910.0,186.0,201.27,0.84,383.8,727.6,0.527,61.9,74.7,0.877,5473.3,True,196.2,207.28,2064.3,2.77,False,False,False,19.2,4580.0
2026-03-17,SHORT,920.0,410.0,1,0.0,920.0,0.0,0.0,0.0,470.0,780.0,0.603,0.0,51.9,0.507,2654.3,False,0.0,53.49,19.7,0.04,False,False,True,339.8,3740.0
2026-03-18,LONG,180.0,150.0,17,180.0,360.0,11.3,-33.77,0.123,342.4,547.6,0.625,64.7,41.1,0.205,2268.6,True,37.9,-78.88,-668.1,1.29,False,False,True,1863.6,6030.0
2026-03-19,LONG,530.0,230.0,49,11400.0,11930.0,237.5,-213.69,0.891,588.2,1115.5,0.527,61.2,19.7,-0.108,8053.6,True,248.4,-298.93,-4896.0,3.85,False,False,True,196.1,1720.0
2026-03-20,SHORT,520.0,1280.0,30,4370.0,4890.0,150.7,91.07,0.414,433.0,763.3,0.567,50.0,74.2,1.071,4868.5,True,311.2,364.95,2779.7,3.15,False,False,False,46.1,2160.0
2026-03-23,SHORT,3480.0,50.0,18,2630.0,6110.0,154.7,220.59,0.63,541.1,851.7,0.635,66.7,72.8,0.888,5699.0,True,89.6,284.48,2211.5,2.72,True,False,True,284.4,10420.0
2026-03-24,LONG,220.0,30.0,1,0.0,220.0,0.0,0.0,0.0,1870.0,2250.0,0.831,100.0,28.5,-0.3,2695.3,False,0.0,-276.3,-2156.8,2.74,False,False,True,2004.0,2860.0
2026-03-25,SHORT,1120.0,230.0,49,3230.0,4350.0,67.3,70.16,0.721,331.6,710.2,0.467,57.1,67.2,1.076,2168.5,True,16.6,34.38,1249.5,1.99,False,False,True,103.0,280.0
2026-03-27,SHORT,480.0,70.0,45,2780.0,3260.0,63.2,26.87,0.236,281.1,602.2,0.467,51.1,67.6,0.814,3739.4,True,257.9,188.85,1172.5,1.85,False,False,True,149.1,400.0
2026-03-30,LONG,2420.0,130.0,1,0.0,2420.0,0.0,0.0,0.0,310.0,490.0,0.633,100.0,38.0,0.186,1436.0,False,0.0,-7.64,-450.7,1.12,False,False,True,214.5,4560.0
2026-04-01,LONG,2130.0,710.0,32,2370.0,4500.0,76.5,-68.48,0.674,446.2,823.1,0.542,56.2,36.9,-0.079,1917.5,False,-50.3,6.25,-1109.6,1.29,True,True,False,41.9,2650.0
2026-04-07,SHORT,220.0,230.0,2,240.0,460.0,240.0,240.0,1.0,275.0,580.0,0.474,100.0,51.8,0.561,1360.7,False,-6.2,-62.96,82.9,0.19,False,False,True,675.6,3100.0
2026-04-08,LONG,550.0,5650.0,24,3100.0,3650.0,134.8,-96.21,0.487,442.9,784.2,0.565,62.5,32.3,0.095,4174.5,True,20.9,-164.09,-1689.1,2.05,False,False,False,45.6,4670.0
2026-04-10,SHORT,710.0,740.0,4,540.0,1250.0,180.0,188.0,0.613,255.0,502.5,0.507,50.0,67.5,1.021,1406.0,True,24.7,45.82,732.3,1.79,False,False,True,275.2,3310.0
2026-04-14,LONG,1700.0,160.0,32,1970.0,3670.0,63.5,-78.15,0.852,308.1,576.9,0.534,59.4,36.6,0.05,1498.9,False,-23.3,40.19,-673.8,1.16,True,True,False,41.9,1410.0
2026-04-17,SHORT,530.0,100.0,1,0.0,530.0,0.0,0.0,0.0,300.0,500.0,0.6,0.0,51.8,0.532,955.2,False,0.0,36.66,30.2,0.1,False,False,True,968.3,750.0
2026-04-21,SHORT,870.0,100.0,51,3900.0,4770.0,78.0,44.29,0.458,430.4,660.2,0.652,47.1,61.2,1.009,3243.9,True,365.3,6.89,1652.0,1.54,False,False,False,35.1,0.0
2026-04-22,LONG,1020.0,50.0,5,420.0,1440.0,105.0,-130.0,0.752,182.0,410.0,0.444,80.0,38.9,0.22,2054.4,True,6.7,-49.4,-575.8,1.31,False,True,True,289.7,3420.0
2026-04-23,SHORT,410.0,30.0,43,2680.0,3090.0,63.8,4.32,0.006,319.5,601.4,0.531,46.5,71.5,1.063,3674.6,True,250.8,291.37,2069.9,2.63,False,False,True,263.6,880.0
2026-04-29,SHORT,700.0,110.0,47,3560.0,4260.0,77.4,51.88,0.704,271.1,553.2,0.49,55.3,69.0,1.137,2641.0,True,105.3,134.64,1681.7,2.09,False,False,False,82.7,490.0
2026-05-06,LONG,1710.0,1790.0,16,4600.0,6310.0,306.7,-294.9,0.913,551.9,791.9,0.697,68.8,24.8,0.083,5862.9,True,25.7,-185.23,-2442.3,3.13,False,False,False,6.6,3500.0
2026-05-08,LONG,1330.0,130.0,27,2430.0,3760.0,93.5,-69.11,0.528,270.7,490.4,0.552,55.6,35.8,-0.211,1276.5,False,-43.3,13.0,-907.1,1.44,False,True,False,15.1,60.0
2026-05-11,SHORT,340.0,180.0,1,0.0,340.0,0.0,0.0,0.0,280.0,380.0,0.737,0.0,44.6,0.212,1378.9,False,0.0,-108.73,-397.0,1.23,False,False,True,369.2,790.0
2026-05-12,SHORT,2760.0,560.0,34,2070.0,4830.0,62.7,38.15,0.534,242.4,520.0,0.466,47.1,69.4,1.041,2231.1,True,62.1,85.15,1208.1,2.02,True,False,False,12.3,1780.0
2026-05-13,SHORT,1160.0,200.0,10,1600.0,2760.0,177.8,151.09,0.839,227.0,401.0,0.566,70.0,80.8,0.915,3399.7,True,128.2,155.44,1409.9,3.66,False,False,False,25.0,880.0
2026-05-14,SHORT,190.0,110.0,51,3960.0,4150.0,79.2,83.71,0.914,206.3,420.4,0.491,58.8,75.7,1.15,1475.9,True,111.5,-8.92,959.3,2.97,False,False,True,140.0,0.0
2026-05-15,SHORT,1540.0,600.0,51,2190.0,3730.0,43.8,31.9,0.487,282.2,514.9,0.548,56.9,60.8,0.823,1439.7,False,-28.2,35.01,465.1,1.37,False,False,False,48.1,0.0
