signal,pair,entry_time,exit_time,direction,entry,exit_px,sl_pts_dxy,dxy_outcome,outcome,r_val
GAP_REJ_LONG,EURUSD,2023-10-09 18:30:00+00:00,2023-10-10 00:00:00+00:00,short,1.05652,1.05808,1560,loss,loss,-1.0
GAP_REJ_LONG,EURUSD,2023-10-10 09:00:00+00:00,2023-10-10 11:00:00+00:00,short,1.06001,1.05855,1460,win,win,1.0
GAP_REJ_LONG,EURUSD,2023-10-20 13:15:00+00:00,2023-10-20 13:30:00+00:00,short,1.05835,1.05871,360,loss,loss,-1.0
ATTR_SHORT,EURUSD,2023-12-04 09:00:00+00:00,2023-12-04 14:00:00+00:00,long,1.08704,1.08426,2780,loss,loss,-1.0
GAP_REJ_LONG,EURUSD,2024-01-08 10:15:00+00:00,2024-01-08 10:30:00+00:00,short,1.09375,1.09403,280,loss,loss,-1.0
GAP_REJ_SHORT,EURUSD,2024-01-29 11:45:00+00:00,2024-01-29 12:30:00+00:00,long,1.08229,1.0833,1010,win,win,1.0
GAP_REJ_LONG,EURUSD,2024-02-07 11:45:00+00:00,2024-02-07 12:15:00+00:00,short,1.07711,1.07686,250,win,win,1.0
ATTR_LONG,EURUSD,2024-10-07 08:15:00+00:00,2024-10-07 09:00:00+00:00,short,1.09741,1.09648,930,win,win,1.0
GAP_REJ_SHORT,EURUSD,2024-10-14 08:30:00+00:00,2024-10-14 08:45:00+00:00,long,1.09287,1.09274,130,loss,loss,-1.0
ATTR_SHORT,EURUSD,2024-10-28 07:30:00+00:00,2024-10-28 07:45:00+00:00,long,1.07988,1.08009,210,loss,win,1.0
GAP_REJ_LONG,EURUSD,2024-11-18 14:00:00+00:00,2024-11-18 16:45:00+00:00,short,1.05638,1.05814,1760,loss,loss,-1.0
REV_SHORT,EURUSD,2024-11-25 10:15:00+00:00,2024-11-25 13:15:00+00:00,long,1.04905,1.05205,3000,win,win,1.0
GAP_REJ_SHORT,EURUSD,2024-12-30 07:30:00+00:00,2024-12-30 08:00:00+00:00,long,1.04255,1.04293,380,loss,win,1.0
GAP_REJ_LONG,EURUSD,2025-02-26 09:00:00+00:00,2025-02-26 10:15:00+00:00,short,1.04976,1.04922,540,win,win,1.0
GAP_REJ_LONG,EURUSD,2025-04-07 08:00:00+00:00,2025-04-07 08:15:00+00:00,short,1.1005,1.10062,120,win,loss,-1.0
GAP_REJ_LONG,EURUSD,2025-04-28 09:45:00+00:00,2025-04-28 10:15:00+00:00,short,1.13495,1.13569,740,win,loss,-1.0
GAP_REJ_LONG,EURUSD,2025-05-06 07:00:00+00:00,2025-05-06 07:15:00+00:00,short,1.13271,1.13378,1070,loss,loss,-1.0
GAP_REJ_SHORT,EURUSD,2025-06-09 13:15:00+00:00,2025-06-09 13:45:00+00:00,long,1.13952,1.1403,780,win,win,1.0
GAP_REJ_LONG,EURUSD,2025-06-16 09:30:00+00:00,2025-06-16 14:00:00+00:00,short,1.15764,1.16059,2950,loss,loss,-1.0
REV_SHORT,EURUSD,2025-06-20 08:15:00+00:00,2025-06-22 21:00:00+00:00,long,1.15141,1.14841,3000,loss,loss,-1.0
REV_SHORT,EURUSD,2025-06-20 11:45:00+00:00,2025-06-22 21:00:00+00:00,long,1.15208,1.14908,3000,loss,loss,-1.0
GAP_REJ_LONG,EURUSD,2025-07-04 06:15:00+00:00,2025-07-07 06:30:00+00:00,short,1.17788,1.17607,1810,win,win,1.0
GAP_REJ_SHORT,EURUSD,2025-07-28 06:30:00+00:00,2025-07-28 07:45:00+00:00,long,1.17183,1.16897,2860,loss,loss,-1.0
REV_LONG,EURUSD,2025-07-28 07:15:00+00:00,2025-07-28 07:45:00+00:00,short,1.17089,1.16789,3000,win,win,1.0
GAP_REJ_SHORT,EURUSD,2025-10-13 09:00:00+00:00,2025-10-13 10:15:00+00:00,long,1.15948,1.15832,1160,loss,loss,-1.0
REV_SHORT,EURUSD,2025-10-17 07:00:00+00:00,2025-10-17 12:00:00+00:00,long,1.17079,1.16779,3000,loss,loss,-1.0
REV_SHORT,EURUSD,2025-10-28 07:00:00+00:00,2025-10-28 13:15:00+00:00,long,1.16556,1.16256,3000,loss,loss,-1.0
REV_SHORT,EURUSD,2025-10-28 07:15:00+00:00,2025-10-28 13:15:00+00:00,long,1.16557,1.16257,3000,loss,loss,-1.0
REV_SHORT,EURUSD,2025-10-28 09:30:00+00:00,2025-10-28 13:00:00+00:00,long,1.16583,1.16283,3000,loss,loss,-1.0
REV_SHORT,EURUSD,2025-10-28 09:45:00+00:00,2025-10-28 13:00:00+00:00,long,1.16569,1.16269,3000,loss,loss,-1.0
REV_SHORT,EURUSD,2025-10-28 10:00:00+00:00,2025-10-28 13:00:00+00:00,long,1.16582,1.16282,3000,loss,loss,-1.0
GAP_REJ_SHORT,EURUSD,2025-11-04 06:30:00+00:00,2025-11-04 07:00:00+00:00,long,1.15258,1.15298,400,win,win,1.0
ATTR_SHORT,EURUSD,2025-11-17 09:30:00+00:00,2025-11-17 13:00:00+00:00,long,1.16033,1.15946,870,loss,loss,-1.0
REV_SHORT,EURUSD,2025-11-27 07:45:00+00:00,2025-11-28 10:30:00+00:00,long,1.15915,1.15615,3000,win,loss,-1.0
GAP_REJ_LONG,EURUSD,2026-01-19 08:15:00+00:00,2026-01-19 08:30:00+00:00,short,1.16194,1.162,60,loss,loss,-1.0
REV_SHORT,EURUSD,2026-01-20 07:00:00+00:00,2026-01-20 08:00:00+00:00,long,1.16672,1.16972,3000,win,win,1.0
ATTR_LONG,EURUSD,2026-02-09 08:00:00+00:00,2026-02-09 13:15:00+00:00,short,1.18579,1.1892,3410,loss,loss,-1.0
ATTR_LONG,EURUSD,2026-02-23 07:45:00+00:00,2026-02-23 08:00:00+00:00,short,1.18232,1.18166,660,win,win,1.0
REV_LONG,EURUSD,2026-03-09 08:00:00+00:00,2026-03-09 08:30:00+00:00,short,1.15501,1.15201,3000,loss,win,1.0
GAP_REJ_LONG,EURUSD,2026-03-16 16:45:00+00:00,2026-03-17 13:15:00+00:00,short,1.14935,1.15426,4910,loss,loss,-1.0
REV_LONG,EURUSD,2026-03-25 07:45:00+00:00,2026-03-25 14:00:00+00:00,short,1.15975,1.15675,3000,win,win,1.0
ATTR_LONG,EURUSD,2026-04-13 06:30:00+00:00,2026-04-13 07:00:00+00:00,short,1.16792,1.16893,1010,loss,loss,-1.0
REV_LONG,EURUSD,2026-04-28 09:45:00+00:00,2026-04-29 18:45:00+00:00,short,1.16922,1.16622,3000,win,win,1.0
GAP_REJ_LONG,EURUSD,2026-05-11 07:45:00+00:00,2026-05-11 08:00:00+00:00,short,1.1772,1.17733,130,loss,loss,-1.0
REV_LONG,EURUSD,2026-05-15 08:45:00+00:00,2026-05-15 20:45:00+00:00,short,1.16329,1.16249,3000,timeout,timeout,0.0
LON_ATTR_SHORT,EURUSD,2023-10-09 10:45:00+00:00,2023-10-09 13:00:00+00:00,long,1.0528,1.05427,1470,win,win,1.0
LON_ATTR_LONG,EURUSD,2023-10-23 08:15:00+00:00,2023-10-23 14:15:00+00:00,short,1.06042,1.06188,1460,win,loss,-1.0
LON_ATTR_SHORT,EURUSD,2023-12-04 10:15:00+00:00,2023-12-04 11:15:00+00:00,long,1.08613,1.08753,1400,loss,win,1.0
LON_ATTR_LONG,EURUSD,2024-01-10 09:30:00+00:00,2024-01-10 15:45:00+00:00,short,1.09479,1.09664,1850,loss,loss,-1.0
LON_ATTR_SHORT,EURUSD,2024-01-22 08:45:00+00:00,2024-01-22 23:45:00+00:00,long,1.08918,1.08778,1400,win,loss,-1.0
LON_ATTR_SHORT,EURUSD,2024-01-23 08:15:00+00:00,2024-01-23 09:00:00+00:00,long,1.09037,1.08907,1300,loss,loss,-1.0
LON_ATTR_SHORT,EURUSD,2024-02-06 14:15:00+00:00,2024-02-06 17:45:00+00:00,long,1.07326,1.07546,2200,win,win,1.0
LON_ATTR_LONG,EURUSD,2024-04-09 10:15:00+00:00,2024-04-09 12:45:00+00:00,short,1.08682,1.08795,1130,loss,loss,-1.0
LON_ATTR_LONG,EURUSD,2024-04-19 09:30:00+00:00,2024-04-19 10:00:00+00:00,short,1.06585,1.06521,640,win,win,1.0
LON_ATTR_SHORT,EURUSD,2024-04-22 12:00:00+00:00,2024-04-22 18:30:00+00:00,long,1.06375,1.06601,2260,win,win,1.0
LON_ATTR_LONG,EURUSD,2024-05-06 12:45:00+00:00,2024-05-06 21:00:00+00:00,short,1.07872,1.07645,2270,win,win,1.0
LON_ATTR_SHORT,EURUSD,2024-06-11 10:45:00+00:00,2024-06-11 11:15:00+00:00,long,1.07408,1.07271,1370,loss,loss,-1.0
LON_ATTR_LONG,EURUSD,2024-07-04 14:45:00+00:00,2024-07-05 03:15:00+00:00,short,1.08082,1.0822,1380,loss,loss,-1.0
LON_ATTR_LONG,EURUSD,2024-07-08 10:15:00+00:00,2024-07-08 10:30:00+00:00,short,1.08351,1.08309,420,win,win,1.0
LON_ATTR_LONG,EURUSD,2024-07-17 13:30:00+00:00,2024-07-18 18:30:00+00:00,short,1.09377,1.08973,4040,win,win,1.0
LON_ATTR_SHORT,EURUSD,2024-09-10 15:30:00+00:00,2024-09-11 01:30:00+00:00,long,1.10222,1.1033,1080,win,win,1.0
LON_ATTR_LONG,EURUSD,2024-09-16 08:45:00+00:00,2024-09-16 13:30:00+00:00,short,1.11224,1.1134,1160,win,loss,-1.0
LON_ATTR_SHORT,EURUSD,2024-09-25 09:45:00+00:00,2024-09-25 12:30:00+00:00,long,1.11829,1.11995,1660,win,win,1.0
LON_ATTR_SHORT,EURUSD,2024-10-21 10:00:00+00:00,2024-10-21 14:45:00+00:00,long,1.08472,1.08354,1180,win,loss,-1.0
LON_ATTR_SHORT,EURUSD,2024-10-23 15:45:00+00:00,2024-10-24 07:30:00+00:00,long,1.07784,1.07951,1670,win,win,1.0
LON_ATTR_LONG,EURUSD,2024-10-28 11:00:00+00:00,2024-10-29 12:15:00+00:00,short,1.08167,1.0793,2370,win,win,1.0
LON_ATTR_LONG,EURUSD,2024-11-06 09:30:00+00:00,2024-11-06 11:00:00+00:00,short,1.07559,1.07409,1500,win,win,1.0
LON_ATTR_SHORT,EURUSD,2024-11-12 10:30:00+00:00,2024-11-12 16:30:00+00:00,long,1.06147,1.05977,1700,loss,loss,-1.0
LON_ATTR_SHORT,EURUSD,2024-11-19 10:15:00+00:00,2024-11-19 13:00:00+00:00,long,1.05595,1.05765,1700,win,win,1.0
LON_ATTR_SHORT,EURUSD,2024-11-25 08:15:00+00:00,2024-11-25 09:00:00+00:00,long,1.0453,1.04834,3040,win,win,1.0
LON_ATTR_LONG,EURUSD,2024-12-09 15:15:00+00:00,2024-12-09 19:45:00+00:00,short,1.05748,1.05539,2090,win,win,1.0
LON_ATTR_SHORT,EURUSD,2024-12-10 09:45:00+00:00,2024-12-10 15:15:00+00:00,long,1.05308,1.05028,2800,loss,loss,-1.0
LON_ATTR_LONG,EURUSD,2025-01-22 10:00:00+00:00,2025-01-22 14:15:00+00:00,short,1.04455,1.04162,2930,win,win,1.0
LON_ATTR_LONG,EURUSD,2025-03-04 09:00:00+00:00,2025-03-04 11:45:00+00:00,short,1.05149,1.05355,2060,loss,loss,-1.0
LON_ATTR_LONG,EURUSD,2025-03-18 08:30:00+00:00,2025-03-18 11:30:00+00:00,short,1.09505,1.09273,2320,win,win,1.0
LON_ATTR_SHORT,EURUSD,2025-04-08 08:30:00+00:00,2025-04-08 09:00:00+00:00,long,1.09449,1.09199,2500,loss,loss,-1.0
LON_ATTR_LONG,EURUSD,2025-04-21 09:30:00+00:00,2025-04-21 10:30:00+00:00,short,1.15577,1.15271,3060,win,win,1.0
LON_ATTR_LONG,EURUSD,2025-05-06 08:15:00+00:00,2025-05-06 09:00:00+00:00,short,1.13402,1.1324,1620,win,win,1.0
LON_ATTR_LONG,EURUSD,2025-05-09 09:15:00+00:00,2025-05-09 09:30:00+00:00,short,1.12506,1.1254,340,loss,loss,-1.0
LON_ATTR_SHORT,EURUSD,2025-05-12 17:30:00+00:00,2025-05-14 07:30:00+00:00,long,1.10793,1.1208,12870,win,win,1.0
LON_ATTR_LONG,EURUSD,2025-05-19 07:45:00+00:00,2025-05-19 09:00:00+00:00,short,1.12379,1.12631,2520,loss,loss,-1.0
LON_ATTR_SHORT,EURUSD,2025-05-21 08:45:00+00:00,2025-05-21 10:00:00+00:00,long,1.13222,1.13367,1450,win,win,1.0
LON_ATTR_LONG,EURUSD,2025-05-23 09:45:00+00:00,2025-05-23 11:15:00+00:00,short,1.13489,1.13678,1890,loss,loss,-1.0
LON_ATTR_SHORT,EURUSD,2025-05-27 10:15:00+00:00,2025-05-27 13:00:00+00:00,long,1.13479,1.137,2210,loss,win,1.0
LON_ATTR_LONG,EURUSD,2025-06-10 11:45:00+00:00,2025-06-11 01:45:00+00:00,short,1.14288,1.14062,2260,win,win,1.0
LON_ATTR_LONG,EURUSD,2025-06-16 09:30:00+00:00,2025-06-16 13:00:00+00:00,short,1.15764,1.1588,1160,loss,loss,-1.0
LON_ATTR_SHORT,EURUSD,2025-07-04 18:00:00+00:00,2025-07-07 00:00:00+00:00,long,1.17752,1.17855,1030,loss,win,1.0
LON_ATTR_SHORT,EURUSD,2025-07-07 08:15:00+00:00,2025-07-07 08:45:00+00:00,long,1.17386,1.17243,1430,loss,loss,-1.0
LON_ATTR_LONG,EURUSD,2025-07-08 07:45:00+00:00,2025-07-08 08:00:00+00:00,short,1.176,1.17556,440,win,win,1.0
LON_ATTR_LONG,EURUSD,2025-07-14 08:00:00+00:00,2025-07-14 11:15:00+00:00,short,1.16832,1.16971,1390,win,loss,-1.0
LON_ATTR_LONG,EURUSD,2025-07-18 15:00:00+00:00,2025-07-18 16:15:00+00:00,short,1.16506,1.16297,2090,win,win,1.0
LON_ATTR_LONG,EURUSD,2025-07-21 12:30:00+00:00,2025-07-21 14:30:00+00:00,short,1.16654,1.16879,2250,loss,loss,-1.0
LON_ATTR_SHORT,EURUSD,2025-08-11 09:30:00+00:00,2025-08-11 11:45:00+00:00,long,1.16432,1.16264,1680,loss,loss,-1.0
LON_ATTR_LONG,EURUSD,2025-08-13 08:45:00+00:00,2025-08-13 09:00:00+00:00,short,1.17139,1.17201,620,loss,loss,-1.0
LON_ATTR_SHORT,EURUSD,2025-08-25 14:00:00+00:00,2025-08-25 14:45:00+00:00,long,1.17032,1.16911,1210,loss,loss,-1.0
LON_ATTR_SHORT,EURUSD,2025-08-27 08:30:00+00:00,2025-08-27 15:00:00+00:00,long,1.15848,1.16091,2430,win,win,1.0
LON_ATTR_LONG,EURUSD,2025-09-08 08:30:00+00:00,2025-09-08 10:00:00+00:00,short,1.17295,1.172,950,loss,win,1.0
LON_ATTR_LONG,EURUSD,2025-09-15 07:30:00+00:00,2025-09-15 09:30:00+00:00,short,1.1736,1.1748,1200,loss,loss,-1.0
LON_ATTR_SHORT,EURUSD,2025-10-07 09:30:00+00:00,2025-10-07 15:45:00+00:00,long,1.16638,1.16779,1410,loss,win,1.0
LON_ATTR_SHORT,EURUSD,2025-10-13 12:45:00+00:00,2025-10-14 15:45:00+00:00,long,1.15684,1.16073,3890,win,win,1.0
LON_ATTR_SHORT,EURUSD,2025-10-17 13:00:00+00:00,2025-10-20 11:30:00+00:00,long,1.16774,1.16494,2800,loss,loss,-1.0
LON_ATTR_LONG,EURUSD,2025-11-06 13:00:00+00:00,2025-11-06 18:45:00+00:00,short,1.15317,1.155,1830,loss,loss,-1.0
LON_ATTR_LONG,EURUSD,2025-11-07 11:30:00+00:00,2025-11-07 14:00:00+00:00,short,1.15565,1.15738,1730,loss,loss,-1.0
LON_ATTR_LONG,EURUSD,2025-11-13 10:15:00+00:00,2025-11-13 16:30:00+00:00,short,1.16178,1.16447,2690,loss,loss,-1.0
LON_ATTR_LONG,EURUSD,2025-11-17 08:00:00+00:00,2025-11-17 08:15:00+00:00,short,1.16112,1.16038,740,win,win,1.0
LON_ATTR_SHORT,EURUSD,2025-12-19 09:30:00+00:00,2025-12-19 14:00:00+00:00,long,1.17137,1.17265,1280,win,win,1.0
LON_ATTR_SHORT,EURUSD,2026-01-06 09:30:00+00:00,2026-01-06 12:45:00+00:00,long,1.17135,1.16977,1580,loss,loss,-1.0
LON_ATTR_LONG,EURUSD,2026-01-16 11:15:00+00:00,2026-01-16 13:15:00+00:00,short,1.16195,1.16123,720,win,win,1.0
LON_ATTR_SHORT,EURUSD,2026-02-16 15:45:00+00:00,2026-02-17 03:00:00+00:00,long,1.1854,1.18387,1530,loss,loss,-1.0
LON_ATTR_SHORT,EURUSD,2026-02-17 07:45:00+00:00,2026-02-17 09:15:00+00:00,long,1.18326,1.18453,1270,win,win,1.0
LON_ATTR_SHORT,EURUSD,2026-02-23 08:45:00+00:00,2026-02-23 11:00:00+00:00,long,1.18104,1.17928,1760,loss,loss,-1.0
LON_ATTR_SHORT,EURUSD,2026-02-24 08:00:00+00:00,2026-02-24 08:30:00+00:00,long,1.17777,1.17897,1200,win,win,1.0
LON_ATTR_SHORT,EURUSD,2026-03-03 15:15:00+00:00,2026-03-04 10:00:00+00:00,long,1.15523,1.16359,8360,win,win,1.0
LON_ATTR_LONG,EURUSD,2026-03-17 09:00:00+00:00,2026-03-17 13:00:00+00:00,short,1.15118,1.15309,1910,loss,loss,-1.0
LON_ATTR_SHORT,EURUSD,2026-03-27 11:15:00+00:00,2026-03-27 13:15:00+00:00,long,1.15118,1.1527,1520,win,win,1.0
LON_ATTR_SHORT,EURUSD,2026-04-16 09:45:00+00:00,2026-04-17 09:15:00+00:00,long,1.17795,1.17992,1970,win,win,1.0
LON_ATTR_LONG,EURUSD,2026-04-17 15:30:00+00:00,2026-04-17 19:30:00+00:00,short,1.18012,1.17711,3010,win,win,1.0
LON_ATTR_LONG,EURUSD,2026-04-20 07:15:00+00:00,2026-04-20 07:30:00+00:00,short,1.17665,1.17616,490,win,win,1.0
LON_ATTR_LONG,EURUSD,2026-04-24 13:00:00+00:00,2026-04-27 01:00:00+00:00,short,1.17079,1.17267,1880,win,loss,-1.0
LON_ATTR_LONG,EURUSD,2026-04-27 09:30:00+00:00,2026-04-27 17:00:00+00:00,short,1.17445,1.1724,2050,win,win,1.0
LON_ATTR_SHORT,EURUSD,2026-05-04 08:00:00+00:00,2026-05-04 10:00:00+00:00,long,1.17157,1.16984,1730,loss,loss,-1.0
LON_ATTR_LONG,EURUSD,2026-05-07 08:30:00+00:00,2026-05-07 08:45:00+00:00,short,1.17697,1.17701,40,win,loss,-1.0
LON_ATTR_LONG,EURUSD,2026-05-11 15:00:00+00:00,2026-05-12 00:45:00+00:00,short,1.17811,1.17663,1480,win,win,1.0
GAP_REJ_LONG,GBPUSD,2025-07-04 06:15:00+00:00,2025-07-04 07:30:00+00:00,short,1.36769,1.36588,1810,win,win,1.0
GAP_REJ_SHORT,GBPUSD,2025-07-28 06:30:00+00:00,2025-07-28 16:00:00+00:00,long,1.3412,1.33834,2860,loss,loss,-1.0
REV_LONG,GBPUSD,2025-07-28 07:15:00+00:00,2025-07-28 15:45:00+00:00,short,1.34235,1.33935,3000,win,win,1.0
GAP_REJ_SHORT,GBPUSD,2025-10-13 09:00:00+00:00,2025-10-13 11:00:00+00:00,long,1.3335,1.33466,1160,loss,win,1.0
REV_SHORT,GBPUSD,2025-10-17 07:00:00+00:00,2025-10-17 08:15:00+00:00,long,1.34445,1.34145,3000,loss,loss,-1.0
REV_SHORT,GBPUSD,2025-10-28 07:00:00+00:00,2025-10-28 08:15:00+00:00,long,1.33518,1.33218,3000,loss,loss,-1.0
REV_SHORT,GBPUSD,2025-10-28 07:15:00+00:00,2025-10-28 08:30:00+00:00,long,1.33496,1.33196,3000,loss,loss,-1.0
REV_SHORT,GBPUSD,2025-10-28 09:30:00+00:00,2025-10-28 12:45:00+00:00,long,1.33183,1.32883,3000,loss,loss,-1.0
REV_SHORT,GBPUSD,2025-10-28 09:45:00+00:00,2025-10-28 12:45:00+00:00,long,1.33173,1.32873,3000,loss,loss,-1.0
REV_SHORT,GBPUSD,2025-10-28 10:00:00+00:00,2025-10-28 12:45:00+00:00,long,1.33185,1.32885,3000,loss,loss,-1.0
GAP_REJ_SHORT,GBPUSD,2025-11-04 06:30:00+00:00,2025-11-04 07:00:00+00:00,long,1.31258,1.31218,400,win,loss,-1.0
ATTR_SHORT,GBPUSD,2025-11-17 09:30:00+00:00,2025-11-17 09:45:00+00:00,long,1.3173,1.31643,870,loss,loss,-1.0
REV_SHORT,GBPUSD,2025-11-27 07:45:00+00:00,2025-11-28 08:00:00+00:00,long,1.32387,1.32087,3000,win,loss,-1.0
GAP_REJ_LONG,GBPUSD,2026-01-19 08:15:00+00:00,2026-01-19 08:30:00+00:00,short,1.33906,1.33912,60,loss,loss,-1.0
REV_SHORT,GBPUSD,2026-01-20 07:00:00+00:00,2026-01-20 07:30:00+00:00,long,1.34333,1.34633,3000,win,win,1.0
ATTR_LONG,GBPUSD,2026-02-09 08:00:00+00:00,2026-02-09 11:45:00+00:00,short,1.36016,1.36357,3410,loss,loss,-1.0
ATTR_LONG,GBPUSD,2026-02-23 07:45:00+00:00,2026-02-23 08:00:00+00:00,short,1.35258,1.35192,660,win,win,1.0
REV_LONG,GBPUSD,2026-03-09 08:00:00+00:00,2026-03-09 08:30:00+00:00,short,1.33333,1.33033,3000,loss,win,1.0
GAP_REJ_LONG,GBPUSD,2026-03-16 16:45:00+00:00,2026-03-17 13:15:00+00:00,short,1.33034,1.33525,4910,loss,loss,-1.0
REV_LONG,GBPUSD,2026-03-25 07:45:00+00:00,2026-03-25 08:15:00+00:00,short,1.33905,1.34205,3000,win,loss,-1.0
ATTR_LONG,GBPUSD,2026-04-13 06:30:00+00:00,2026-04-13 07:00:00+00:00,short,1.34068,1.34169,1010,loss,loss,-1.0
REV_LONG,GBPUSD,2026-04-28 09:45:00+00:00,2026-04-28 17:45:00+00:00,short,1.34905,1.35205,3000,win,loss,-1.0
GAP_REJ_LONG,GBPUSD,2026-05-11 07:45:00+00:00,2026-05-11 08:00:00+00:00,short,1.36,1.36013,130,loss,loss,-1.0
REV_LONG,GBPUSD,2026-05-15 08:45:00+00:00,2026-05-15 10:45:00+00:00,short,1.33459,1.33759,3000,timeout,loss,-1.0
LON_ATTR_SHORT,GBPUSD,2025-07-04 18:00:00+00:00,2025-07-04 20:45:00+00:00,long,1.36487,1.36384,1030,loss,loss,-1.0
LON_ATTR_SHORT,GBPUSD,2025-07-07 08:15:00+00:00,2025-07-07 09:00:00+00:00,long,1.35909,1.35766,1430,loss,loss,-1.0
LON_ATTR_LONG,GBPUSD,2025-07-08 07:45:00+00:00,2025-07-08 08:00:00+00:00,short,1.36406,1.36362,440,win,win,1.0
LON_ATTR_LONG,GBPUSD,2025-07-14 08:00:00+00:00,2025-07-14 09:00:00+00:00,short,1.34853,1.34714,1390,win,win,1.0
LON_ATTR_LONG,GBPUSD,2025-07-18 15:00:00+00:00,2025-07-18 16:15:00+00:00,short,1.34419,1.3421,2090,win,win,1.0
LON_ATTR_LONG,GBPUSD,2025-07-21 12:30:00+00:00,2025-07-21 15:00:00+00:00,short,1.34786,1.35011,2250,loss,loss,-1.0
LON_ATTR_SHORT,GBPUSD,2025-08-11 09:30:00+00:00,2025-08-11 11:00:00+00:00,long,1.34551,1.34383,1680,loss,loss,-1.0
LON_ATTR_LONG,GBPUSD,2025-08-13 08:45:00+00:00,2025-08-13 09:00:00+00:00,short,1.35569,1.35631,620,loss,loss,-1.0
LON_ATTR_SHORT,GBPUSD,2025-08-25 14:00:00+00:00,2025-08-25 15:00:00+00:00,long,1.35104,1.34983,1210,loss,loss,-1.0
LON_ATTR_SHORT,GBPUSD,2025-08-27 08:30:00+00:00,2025-08-27 15:00:00+00:00,long,1.34379,1.34622,2430,win,win,1.0
LON_ATTR_LONG,GBPUSD,2025-09-08 08:30:00+00:00,2025-09-08 10:30:00+00:00,short,1.35102,1.35197,950,loss,loss,-1.0
LON_ATTR_LONG,GBPUSD,2025-09-15 07:30:00+00:00,2025-09-15 08:15:00+00:00,short,1.35824,1.35944,1200,loss,loss,-1.0
LON_ATTR_SHORT,GBPUSD,2025-10-07 09:30:00+00:00,2025-10-07 11:00:00+00:00,long,1.34369,1.34228,1410,loss,loss,-1.0
LON_ATTR_SHORT,GBPUSD,2025-10-13 12:45:00+00:00,2025-10-14 06:15:00+00:00,long,1.33337,1.32948,3890,win,loss,-1.0
LON_ATTR_SHORT,GBPUSD,2025-10-17 13:00:00+00:00,2025-10-20 02:15:00+00:00,long,1.34122,1.34402,2800,loss,win,1.0
LON_ATTR_SHORT,GBPUSD,2025-10-30 13:00:00+00:00,2025-11-04 09:30:00+00:00,long,1.31246,1.30678,5680,loss,loss,-1.0
LON_ATTR_LONG,GBPUSD,2025-11-06 13:00:00+00:00,2025-11-06 13:30:00+00:00,short,1.30949,1.31132,1830,loss,loss,-1.0
LON_ATTR_LONG,GBPUSD,2025-11-07 11:30:00+00:00,2025-11-07 13:15:00+00:00,short,1.31157,1.3133,1730,loss,loss,-1.0
LON_ATTR_LONG,GBPUSD,2025-11-13 10:15:00+00:00,2025-11-13 15:30:00+00:00,short,1.31607,1.31876,2690,loss,loss,-1.0
LON_ATTR_LONG,GBPUSD,2025-11-17 08:00:00+00:00,2025-11-17 08:15:00+00:00,short,1.31749,1.31675,740,win,win,1.0
LON_ATTR_SHORT,GBPUSD,2025-12-19 09:30:00+00:00,2025-12-19 12:15:00+00:00,long,1.33812,1.33684,1280,win,loss,-1.0
LON_ATTR_SHORT,GBPUSD,2026-01-06 09:30:00+00:00,2026-01-06 11:00:00+00:00,long,1.35416,1.35258,1580,loss,loss,-1.0
LON_ATTR_LONG,GBPUSD,2026-01-16 11:15:00+00:00,2026-01-16 12:45:00+00:00,short,1.34056,1.33984,720,win,win,1.0
LON_ATTR_SHORT,GBPUSD,2026-02-16 15:45:00+00:00,2026-02-17 01:00:00+00:00,long,1.36325,1.36172,1530,loss,loss,-1.0
LON_ATTR_SHORT,GBPUSD,2026-02-17 07:45:00+00:00,2026-02-17 08:00:00+00:00,long,1.35623,1.3575,1270,win,win,1.0
LON_ATTR_SHORT,GBPUSD,2026-02-23 08:45:00+00:00,2026-02-23 11:15:00+00:00,long,1.35155,1.34979,1760,loss,loss,-1.0
LON_ATTR_SHORT,GBPUSD,2026-02-24 08:00:00+00:00,2026-02-24 08:15:00+00:00,long,1.34759,1.34879,1200,win,win,1.0
LON_ATTR_SHORT,GBPUSD,2026-03-03 15:15:00+00:00,2026-03-03 18:30:00+00:00,long,1.32685,1.33521,8360,win,win,1.0
LON_ATTR_LONG,GBPUSD,2026-03-17 09:00:00+00:00,2026-03-17 13:00:00+00:00,short,1.33281,1.33472,1910,loss,loss,-1.0
LON_ATTR_SHORT,GBPUSD,2026-03-27 11:15:00+00:00,2026-03-27 11:45:00+00:00,long,1.33025,1.32873,1520,win,loss,-1.0
LON_ATTR_SHORT,GBPUSD,2026-04-16 09:45:00+00:00,2026-04-16 14:15:00+00:00,long,1.35387,1.3519,1970,win,loss,-1.0
LON_ATTR_LONG,GBPUSD,2026-04-17 15:30:00+00:00,2026-04-17 19:30:00+00:00,short,1.35535,1.35234,3010,win,win,1.0
LON_ATTR_LONG,GBPUSD,2026-04-20 07:15:00+00:00,2026-04-20 07:30:00+00:00,short,1.35125,1.35076,490,win,win,1.0
LON_ATTR_LONG,GBPUSD,2026-04-24 13:00:00+00:00,2026-04-24 15:45:00+00:00,short,1.34975,1.35163,1880,win,loss,-1.0
LON_ATTR_LONG,GBPUSD,2026-04-27 09:30:00+00:00,2026-04-27 12:15:00+00:00,short,1.35524,1.35729,2050,win,loss,-1.0
LON_ATTR_SHORT,GBPUSD,2026-05-04 08:00:00+00:00,2026-05-04 10:00:00+00:00,long,1.35625,1.35452,1730,loss,loss,-1.0
LON_ATTR_LONG,GBPUSD,2026-05-07 08:30:00+00:00,2026-05-07 08:45:00+00:00,short,1.36201,1.36205,40,win,loss,-1.0
LON_ATTR_LONG,GBPUSD,2026-05-11 15:00:00+00:00,2026-05-11 19:15:00+00:00,short,1.36389,1.36241,1480,win,win,1.0
GAP_REJ_LONG,AUDUSD,2025-07-04 06:15:00+00:00,2025-07-04 07:30:00+00:00,short,0.65735,0.65554,1810,win,win,1.0
GAP_REJ_SHORT,AUDUSD,2025-07-28 06:30:00+00:00,2025-07-28 08:00:00+00:00,long,0.65504,0.65218,2860,loss,loss,-1.0
REV_LONG,AUDUSD,2025-07-28 07:15:00+00:00,2025-07-29 06:30:00+00:00,short,0.65411,0.65111,3000,win,win,1.0
GAP_REJ_SHORT,AUDUSD,2025-10-13 09:00:00+00:00,2025-10-13 11:30:00+00:00,long,0.65223,0.65107,1160,loss,loss,-1.0
REV_SHORT,AUDUSD,2025-10-17 07:00:00+00:00,2025-10-17 11:00:00+00:00,long,0.64512,0.64812,3000,loss,win,1.0
REV_SHORT,AUDUSD,2025-10-28 07:00:00+00:00,2025-10-28 15:00:00+00:00,long,0.65501,0.65801,3000,loss,win,1.0
REV_SHORT,AUDUSD,2025-10-28 07:15:00+00:00,2025-10-28 15:45:00+00:00,long,0.65528,0.65828,3000,loss,win,1.0
REV_SHORT,AUDUSD,2025-10-28 09:30:00+00:00,2025-10-28 16:00:00+00:00,long,0.6555,0.6585,3000,loss,win,1.0
REV_SHORT,AUDUSD,2025-10-28 09:45:00+00:00,2025-10-28 16:00:00+00:00,long,0.65564,0.65864,3000,loss,win,1.0
REV_SHORT,AUDUSD,2025-10-28 10:00:00+00:00,2025-10-28 16:30:00+00:00,long,0.65582,0.65882,3000,loss,win,1.0
GAP_REJ_SHORT,AUDUSD,2025-11-04 06:30:00+00:00,2025-11-04 07:00:00+00:00,long,0.65125,0.65085,400,win,loss,-1.0
ATTR_SHORT,AUDUSD,2025-11-17 09:30:00+00:00,2025-11-17 10:45:00+00:00,long,0.65231,0.65144,870,loss,loss,-1.0
REV_SHORT,AUDUSD,2025-11-27 07:45:00+00:00,2025-12-01 12:45:00+00:00,long,0.65322,0.65622,3000,win,win,1.0
GAP_REJ_LONG,AUDUSD,2026-01-19 08:15:00+00:00,2026-01-19 08:30:00+00:00,short,0.66937,0.66943,60,loss,loss,-1.0
REV_SHORT,AUDUSD,2026-01-20 07:00:00+00:00,2026-01-21 12:30:00+00:00,long,0.67336,0.67636,3000,win,win,1.0
ATTR_LONG,AUDUSD,2026-02-09 08:00:00+00:00,2026-02-09 14:15:00+00:00,short,0.70321,0.70662,3410,loss,loss,-1.0
ATTR_LONG,AUDUSD,2026-02-23 07:45:00+00:00,2026-02-23 08:00:00+00:00,short,0.70805,0.70739,660,win,win,1.0
REV_LONG,AUDUSD,2026-03-09 08:00:00+00:00,2026-03-09 09:30:00+00:00,short,0.69956,0.70256,3000,loss,loss,-1.0
GAP_REJ_LONG,AUDUSD,2026-03-16 16:45:00+00:00,2026-03-17 13:00:00+00:00,short,0.70537,0.71028,4910,loss,loss,-1.0
REV_LONG,AUDUSD,2026-03-25 07:45:00+00:00,2026-03-26 00:45:00+00:00,short,0.6967,0.6937,3000,win,win,1.0
ATTR_LONG,AUDUSD,2026-04-13 06:30:00+00:00,2026-04-13 07:00:00+00:00,short,0.70412,0.70513,1010,loss,loss,-1.0
REV_LONG,AUDUSD,2026-04-28 09:45:00+00:00,2026-04-29 13:30:00+00:00,short,0.71748,0.71448,3000,win,win,1.0
GAP_REJ_LONG,AUDUSD,2026-05-11 07:45:00+00:00,2026-05-11 08:00:00+00:00,short,0.72405,0.72418,130,loss,loss,-1.0
REV_LONG,AUDUSD,2026-05-15 08:45:00+00:00,2026-05-15 20:45:00+00:00,short,0.71569,0.71444,3000,timeout,timeout,0.0
LON_ATTR_SHORT,AUDUSD,2025-07-04 18:00:00+00:00,2025-07-07 00:30:00+00:00,long,0.65504,0.65401,1030,loss,loss,-1.0
LON_ATTR_SHORT,AUDUSD,2025-07-07 08:15:00+00:00,2025-07-07 13:45:00+00:00,long,0.64994,0.65137,1430,loss,win,1.0
LON_ATTR_LONG,AUDUSD,2025-07-08 07:45:00+00:00,2025-07-08 08:15:00+00:00,short,0.65434,0.6539,440,win,win,1.0
LON_ATTR_LONG,AUDUSD,2025-07-14 08:00:00+00:00,2025-07-14 12:30:00+00:00,short,0.65735,0.65596,1390,win,win,1.0
LON_ATTR_LONG,AUDUSD,2025-07-18 15:00:00+00:00,2025-07-18 19:00:00+00:00,short,0.65237,0.65028,2090,win,win,1.0
LON_ATTR_LONG,AUDUSD,2025-07-21 12:30:00+00:00,2025-07-22 14:45:00+00:00,short,0.65249,0.65474,2250,loss,loss,-1.0
LON_ATTR_SHORT,AUDUSD,2025-08-11 09:30:00+00:00,2025-08-12 04:30:00+00:00,long,0.65171,0.65003,1680,loss,loss,-1.0
LON_ATTR_LONG,AUDUSD,2025-08-13 08:45:00+00:00,2025-08-13 09:15:00+00:00,short,0.65507,0.65569,620,loss,loss,-1.0
LON_ATTR_SHORT,AUDUSD,2025-08-25 14:00:00+00:00,2025-08-25 18:15:00+00:00,long,0.64987,0.64866,1210,loss,loss,-1.0
LON_ATTR_SHORT,AUDUSD,2025-08-27 08:30:00+00:00,2025-08-27 15:00:00+00:00,long,0.64675,0.64918,2430,win,win,1.0
LON_ATTR_LONG,AUDUSD,2025-09-08 08:30:00+00:00,2025-09-08 11:30:00+00:00,short,0.65826,0.65921,950,loss,loss,-1.0
LON_ATTR_LONG,AUDUSD,2025-09-15 07:30:00+00:00,2025-09-16 00:00:00+00:00,short,0.66643,0.66763,1200,loss,loss,-1.0
LON_ATTR_SHORT,AUDUSD,2025-10-07 09:30:00+00:00,2025-10-08 00:00:00+00:00,long,0.65917,0.65776,1410,loss,loss,-1.0
LON_ATTR_SHORT,AUDUSD,2025-10-13 12:45:00+00:00,2025-10-14 05:30:00+00:00,long,0.65087,0.64698,3890,win,loss,-1.0
LON_ATTR_SHORT,AUDUSD,2025-10-17 13:00:00+00:00,2025-10-20 01:00:00+00:00,long,0.64784,0.65064,2800,loss,win,1.0
LON_ATTR_SHORT,AUDUSD,2025-10-30 13:00:00+00:00,2025-11-05 00:30:00+00:00,long,0.65371,0.64803,5680,loss,loss,-1.0
LON_ATTR_LONG,AUDUSD,2025-11-06 13:00:00+00:00,2025-11-06 14:00:00+00:00,short,0.65159,0.64976,1830,loss,win,1.0
LON_ATTR_LONG,AUDUSD,2025-11-07 11:30:00+00:00,2025-11-09 23:00:00+00:00,short,0.64826,0.64999,1730,loss,loss,-1.0
LON_ATTR_LONG,AUDUSD,2025-11-13 10:15:00+00:00,2025-11-13 14:30:00+00:00,short,0.65707,0.65438,2690,loss,win,1.0
LON_ATTR_LONG,AUDUSD,2025-11-17 08:00:00+00:00,2025-11-17 08:15:00+00:00,short,0.65356,0.65282,740,win,win,1.0
LON_ATTR_SHORT,AUDUSD,2025-12-19 09:30:00+00:00,2025-12-19 14:30:00+00:00,long,0.66075,0.66203,1280,win,win,1.0
LON_ATTR_SHORT,AUDUSD,2026-01-06 09:30:00+00:00,2026-01-06 20:30:00+00:00,long,0.67222,0.6738,1580,loss,win,1.0
LON_ATTR_LONG,AUDUSD,2026-01-16 11:15:00+00:00,2026-01-16 12:45:00+00:00,short,0.67076,0.67004,720,win,win,1.0
LON_ATTR_SHORT,AUDUSD,2026-02-16 15:45:00+00:00,2026-02-17 02:00:00+00:00,long,0.70686,0.70533,1530,loss,loss,-1.0
LON_ATTR_SHORT,AUDUSD,2026-02-17 07:45:00+00:00,2026-02-17 13:00:00+00:00,long,0.70641,0.70514,1270,win,loss,-1.0
LON_ATTR_SHORT,AUDUSD,2026-02-23 08:45:00+00:00,2026-02-23 12:00:00+00:00,long,0.70828,0.70652,1760,loss,loss,-1.0
LON_ATTR_SHORT,AUDUSD,2026-02-24 08:00:00+00:00,2026-02-24 11:00:00+00:00,long,0.70639,0.70519,1200,win,loss,-1.0
LON_ATTR_SHORT,AUDUSD,2026-03-03 15:15:00+00:00,2026-03-03 19:30:00+00:00,long,0.6969,0.70526,8360,win,win,1.0
LON_ATTR_LONG,AUDUSD,2026-03-17 09:00:00+00:00,2026-03-17 13:00:00+00:00,short,0.70812,0.71003,1910,loss,loss,-1.0
LON_ATTR_SHORT,AUDUSD,2026-03-27 11:15:00+00:00,2026-03-27 13:30:00+00:00,long,0.68951,0.68799,1520,win,loss,-1.0
LON_ATTR_SHORT,AUDUSD,2026-04-16 09:45:00+00:00,2026-04-17 12:45:00+00:00,long,0.71691,0.71888,1970,win,win,1.0
LON_ATTR_LONG,AUDUSD,2026-04-17 15:30:00+00:00,2026-04-19 21:00:00+00:00,short,0.71893,0.71592,3010,win,win,1.0
LON_ATTR_LONG,AUDUSD,2026-04-20 07:15:00+00:00,2026-04-20 07:30:00+00:00,short,0.7158,0.71531,490,win,win,1.0
LON_ATTR_LONG,AUDUSD,2026-04-24 13:00:00+00:00,2026-04-24 15:45:00+00:00,short,0.71358,0.71546,1880,win,loss,-1.0
LON_ATTR_LONG,AUDUSD,2026-04-27 09:30:00+00:00,2026-04-28 06:45:00+00:00,short,0.71858,0.71653,2050,win,win,1.0
LON_ATTR_SHORT,AUDUSD,2026-05-04 08:00:00+00:00,2026-05-04 10:00:00+00:00,long,0.71903,0.7173,1730,loss,loss,-1.0
LON_ATTR_LONG,AUDUSD,2026-05-07 08:30:00+00:00,2026-05-07 08:45:00+00:00,short,0.72587,0.72591,40,win,loss,-1.0
LON_ATTR_LONG,AUDUSD,2026-05-11 15:00:00+00:00,2026-05-12 00:15:00+00:00,short,0.72545,0.72397,1480,win,win,1.0
GAP_REJ_LONG,NZDUSD,2025-07-04 06:15:00+00:00,2025-07-04 07:30:00+00:00,short,0.60761,0.6058,1810,win,win,1.0
GAP_REJ_SHORT,NZDUSD,2025-07-28 06:30:00+00:00,2025-07-28 08:00:00+00:00,long,0.59987,0.59701,2860,loss,loss,-1.0
REV_LONG,NZDUSD,2025-07-28 07:15:00+00:00,2025-07-29 00:30:00+00:00,short,0.59942,0.59642,3000,win,win,1.0
GAP_REJ_SHORT,NZDUSD,2025-10-13 09:00:00+00:00,2025-10-13 11:30:00+00:00,long,0.57354,0.57238,1160,loss,loss,-1.0
REV_SHORT,NZDUSD,2025-10-17 07:00:00+00:00,2025-10-20 15:15:00+00:00,long,0.57189,0.57489,3000,loss,win,1.0
REV_SHORT,NZDUSD,2025-10-28 07:00:00+00:00,2025-10-29 15:15:00+00:00,long,0.57674,0.57974,3000,loss,win,1.0
REV_SHORT,NZDUSD,2025-10-28 07:15:00+00:00,2025-10-29 15:30:00+00:00,long,0.57695,0.57995,3000,loss,win,1.0
REV_SHORT,NZDUSD,2025-10-28 09:30:00+00:00,2025-10-29 15:30:00+00:00,long,0.57701,0.58001,3000,loss,win,1.0
REV_SHORT,NZDUSD,2025-10-28 09:45:00+00:00,2025-10-30 12:30:00+00:00,long,0.57722,0.57422,3000,loss,loss,-1.0
REV_SHORT,NZDUSD,2025-10-28 10:00:00+00:00,2025-10-30 12:15:00+00:00,long,0.57743,0.57443,3000,loss,loss,-1.0
GAP_REJ_SHORT,NZDUSD,2025-11-04 06:30:00+00:00,2025-11-04 07:00:00+00:00,long,0.56856,0.56816,400,win,loss,-1.0
ATTR_SHORT,NZDUSD,2025-11-17 09:30:00+00:00,2025-11-17 10:45:00+00:00,long,0.56732,0.56645,870,loss,loss,-1.0
REV_SHORT,NZDUSD,2025-11-27 07:45:00+00:00,2025-12-03 05:00:00+00:00,long,0.57244,0.57544,3000,win,win,1.0
GAP_REJ_LONG,NZDUSD,2026-01-19 08:15:00+00:00,2026-01-19 08:30:00+00:00,short,0.57728,0.57734,60,loss,loss,-1.0
REV_SHORT,NZDUSD,2026-01-20 07:00:00+00:00,2026-01-21 12:15:00+00:00,long,0.58287,0.58587,3000,win,win,1.0
ATTR_LONG,NZDUSD,2026-02-09 08:00:00+00:00,2026-02-09 15:00:00+00:00,short,0.60189,0.6053,3410,loss,loss,-1.0
ATTR_LONG,NZDUSD,2026-02-23 07:45:00+00:00,2026-02-23 08:00:00+00:00,short,0.59824,0.59758,660,win,win,1.0
REV_LONG,NZDUSD,2026-03-09 08:00:00+00:00,2026-03-09 13:00:00+00:00,short,0.58871,0.59171,3000,loss,loss,-1.0
GAP_REJ_LONG,NZDUSD,2026-03-16 16:45:00+00:00,2026-03-18 20:15:00+00:00,short,0.58444,0.57953,4910,loss,win,1.0
REV_LONG,NZDUSD,2026-03-25 07:45:00+00:00,2026-03-26 07:45:00+00:00,short,0.58155,0.57855,3000,win,win,1.0
ATTR_LONG,NZDUSD,2026-04-13 06:30:00+00:00,2026-04-13 07:15:00+00:00,short,0.58261,0.58362,1010,loss,loss,-1.0
REV_LONG,NZDUSD,2026-04-28 09:45:00+00:00,2026-04-29 03:00:00+00:00,short,0.58885,0.58585,3000,win,win,1.0
GAP_REJ_LONG,NZDUSD,2026-05-11 07:45:00+00:00,2026-05-11 08:00:00+00:00,short,0.59478,0.59491,130,loss,loss,-1.0
REV_LONG,NZDUSD,2026-05-15 08:45:00+00:00,2026-05-15 20:45:00+00:00,short,0.58493,0.58335,3000,timeout,timeout,0.0
LON_ATTR_SHORT,NZDUSD,2025-07-04 18:00:00+00:00,2025-07-07 00:30:00+00:00,long,0.6055,0.60447,1030,loss,loss,-1.0
LON_ATTR_SHORT,NZDUSD,2025-07-07 08:15:00+00:00,2025-07-07 14:00:00+00:00,long,0.60005,0.60148,1430,loss,win,1.0
LON_ATTR_LONG,NZDUSD,2025-07-08 07:45:00+00:00,2025-07-08 08:15:00+00:00,short,0.60264,0.6022,440,win,win,1.0
LON_ATTR_LONG,NZDUSD,2025-07-14 08:00:00+00:00,2025-07-14 14:30:00+00:00,short,0.59921,0.59782,1390,win,win,1.0
LON_ATTR_LONG,NZDUSD,2025-07-18 15:00:00+00:00,2025-07-20 22:45:00+00:00,short,0.59746,0.59537,2090,win,win,1.0
LON_ATTR_LONG,NZDUSD,2025-07-21 12:30:00+00:00,2025-07-22 05:45:00+00:00,short,0.59745,0.5952,2250,loss,win,1.0
LON_ATTR_SHORT,NZDUSD,2025-08-11 09:30:00+00:00,2025-08-12 08:30:00+00:00,long,0.59406,0.59238,1680,loss,loss,-1.0
LON_ATTR_LONG,NZDUSD,2025-08-13 08:45:00+00:00,2025-08-13 09:15:00+00:00,short,0.59842,0.59904,620,loss,loss,-1.0
LON_ATTR_SHORT,NZDUSD,2025-08-25 14:00:00+00:00,2025-08-25 17:00:00+00:00,long,0.58731,0.5861,1210,loss,loss,-1.0
LON_ATTR_SHORT,NZDUSD,2025-08-27 08:30:00+00:00,2025-08-27 16:30:00+00:00,long,0.58273,0.58516,2430,win,win,1.0
LON_ATTR_LONG,NZDUSD,2025-09-08 08:30:00+00:00,2025-09-08 11:30:00+00:00,short,0.59237,0.59332,950,loss,loss,-1.0
LON_ATTR_LONG,NZDUSD,2025-09-15 07:30:00+00:00,2025-09-15 17:45:00+00:00,short,0.59625,0.59745,1200,loss,loss,-1.0
LON_ATTR_SHORT,NZDUSD,2025-10-07 09:30:00+00:00,2025-10-07 19:15:00+00:00,long,0.58104,0.57963,1410,loss,loss,-1.0
LON_ATTR_SHORT,NZDUSD,2025-10-13 12:45:00+00:00,2025-10-14 10:15:00+00:00,long,0.57216,0.56827,3890,win,loss,-1.0
LON_ATTR_SHORT,NZDUSD,2025-10-17 13:00:00+00:00,2025-10-20 14:15:00+00:00,long,0.57181,0.57461,2800,loss,win,1.0
LON_ATTR_SHORT,NZDUSD,2025-10-30 13:00:00+00:00,2025-11-04 09:15:00+00:00,long,0.57288,0.5672,5680,loss,loss,-1.0
LON_ATTR_LONG,NZDUSD,2025-11-06 13:00:00+00:00,2025-11-06 14:30:00+00:00,short,0.56655,0.56472,1830,loss,win,1.0
LON_ATTR_LONG,NZDUSD,2025-11-07 11:30:00+00:00,2025-11-10 04:45:00+00:00,short,0.56184,0.56357,1730,loss,loss,-1.0
LON_ATTR_LONG,NZDUSD,2025-11-13 10:15:00+00:00,2025-11-13 22:00:00+00:00,short,0.5674,0.56471,2690,loss,win,1.0
LON_ATTR_LONG,NZDUSD,2025-11-17 08:00:00+00:00,2025-11-17 08:30:00+00:00,short,0.56864,0.5679,740,win,win,1.0
LON_ATTR_SHORT,NZDUSD,2025-12-19 09:30:00+00:00,2025-12-19 13:15:00+00:00,long,0.57489,0.57361,1280,win,loss,-1.0
LON_ATTR_SHORT,NZDUSD,2026-01-06 09:30:00+00:00,2026-01-06 15:30:00+00:00,long,0.5794,0.57782,1580,loss,loss,-1.0
LON_ATTR_LONG,NZDUSD,2026-01-16 11:15:00+00:00,2026-01-16 12:30:00+00:00,short,0.57665,0.57593,720,win,win,1.0
LON_ATTR_SHORT,NZDUSD,2026-02-16 15:45:00+00:00,2026-02-17 10:00:00+00:00,long,0.60318,0.60471,1530,loss,win,1.0
LON_ATTR_SHORT,NZDUSD,2026-02-17 07:45:00+00:00,2026-02-17 09:30:00+00:00,long,0.60282,0.60409,1270,win,win,1.0
LON_ATTR_SHORT,NZDUSD,2026-02-23 08:45:00+00:00,2026-02-23 12:00:00+00:00,long,0.59828,0.59652,1760,loss,loss,-1.0
LON_ATTR_SHORT,NZDUSD,2026-02-24 08:00:00+00:00,2026-02-24 12:15:00+00:00,long,0.59612,0.59492,1200,win,loss,-1.0
LON_ATTR_SHORT,NZDUSD,2026-03-03 15:15:00+00:00,2026-03-04 16:00:00+00:00,long,0.58505,0.59341,8360,win,win,1.0
LON_ATTR_LONG,NZDUSD,2026-03-17 09:00:00+00:00,2026-03-17 13:00:00+00:00,short,0.58373,0.58564,1910,loss,loss,-1.0
LON_ATTR_SHORT,NZDUSD,2026-03-27 11:15:00+00:00,2026-03-27 12:30:00+00:00,long,0.57664,0.57512,1520,win,loss,-1.0
LON_ATTR_SHORT,NZDUSD,2026-04-16 09:45:00+00:00,2026-04-17 12:45:00+00:00,long,0.58901,0.59098,1970,win,win,1.0
LON_ATTR_LONG,NZDUSD,2026-04-17 15:30:00+00:00,2026-04-19 21:00:00+00:00,short,0.59045,0.58744,3010,win,win,1.0
LON_ATTR_LONG,NZDUSD,2026-04-20 07:15:00+00:00,2026-04-20 07:30:00+00:00,short,0.58741,0.58692,490,win,win,1.0
LON_ATTR_LONG,NZDUSD,2026-04-24 13:00:00+00:00,2026-04-27 01:00:00+00:00,short,0.58694,0.58882,1880,win,loss,-1.0
LON_ATTR_LONG,NZDUSD,2026-04-27 09:30:00+00:00,2026-04-28 06:00:00+00:00,short,0.591,0.58895,2050,win,win,1.0
LON_ATTR_SHORT,NZDUSD,2026-05-04 08:00:00+00:00,2026-05-04 10:00:00+00:00,long,0.58978,0.58805,1730,loss,loss,-1.0
LON_ATTR_LONG,NZDUSD,2026-05-07 08:30:00+00:00,2026-05-07 08:45:00+00:00,short,0.59766,0.5977,40,win,loss,-1.0
LON_ATTR_LONG,NZDUSD,2026-05-11 15:00:00+00:00,2026-05-12 01:30:00+00:00,short,0.5964,0.59492,1480,win,win,1.0
GAP_REJ_LONG,USDCAD,2023-10-09 18:30:00+00:00,2023-10-10 01:15:00+00:00,long,1.35891,1.35735,1560,loss,loss,-1.0
GAP_REJ_LONG,USDCAD,2023-10-10 09:00:00+00:00,2023-10-10 14:15:00+00:00,long,1.36008,1.35862,1460,win,loss,-1.0
GAP_REJ_LONG,USDCAD,2023-10-20 13:15:00+00:00,2023-10-20 13:30:00+00:00,long,1.36761,1.36725,360,loss,loss,-1.0
ATTR_SHORT,USDCAD,2023-12-04 09:00:00+00:00,2023-12-04 15:15:00+00:00,short,1.35455,1.35177,2780,loss,win,1.0
GAP_REJ_LONG,USDCAD,2024-01-08 10:15:00+00:00,2024-01-08 10:30:00+00:00,long,1.33833,1.33805,280,loss,loss,-1.0
GAP_REJ_SHORT,USDCAD,2024-01-29 11:45:00+00:00,2024-01-29 13:30:00+00:00,short,1.34328,1.34429,1010,win,loss,-1.0
GAP_REJ_LONG,USDCAD,2024-02-07 11:45:00+00:00,2024-02-07 12:00:00+00:00,long,1.34761,1.34786,250,win,win,1.0
ATTR_LONG,USDCAD,2024-10-07 08:15:00+00:00,2024-10-07 09:15:00+00:00,long,1.35878,1.35971,930,win,win,1.0
GAP_REJ_SHORT,USDCAD,2024-10-14 08:30:00+00:00,2024-10-14 08:45:00+00:00,short,1.37861,1.37874,130,loss,loss,-1.0
GAP_REJ_LONG,USDCAD,2024-11-18 14:00:00+00:00,2024-11-18 15:15:00+00:00,long,1.408,1.40624,1760,loss,loss,-1.0
REV_SHORT,USDCAD,2024-11-25 10:15:00+00:00,2024-11-25 15:00:00+00:00,short,1.39538,1.39838,3000,win,loss,-1.0
GAP_REJ_SHORT,USDCAD,2024-12-30 07:30:00+00:00,2024-12-30 08:00:00+00:00,short,1.43964,1.44002,380,loss,loss,-1.0
GAP_REJ_LONG,USDCAD,2025-02-26 09:00:00+00:00,2025-02-26 09:45:00+00:00,long,1.43258,1.43312,540,win,win,1.0
GAP_REJ_LONG,USDCAD,2025-04-07 08:00:00+00:00,2025-04-07 08:15:00+00:00,long,1.42435,1.42423,120,win,loss,-1.0
GAP_REJ_LONG,USDCAD,2025-05-06 07:00:00+00:00,2025-05-06 08:15:00+00:00,long,1.38188,1.38081,1070,loss,loss,-1.0
GAP_REJ_SHORT,USDCAD,2025-06-09 13:15:00+00:00,2025-06-09 13:30:00+00:00,short,1.36881,1.36959,780,win,loss,-1.0
GAP_REJ_LONG,USDCAD,2025-06-16 09:30:00+00:00,2025-06-16 13:15:00+00:00,long,1.35717,1.35422,2950,loss,loss,-1.0
REV_SHORT,USDCAD,2025-06-20 08:15:00+00:00,2025-06-20 13:45:00+00:00,short,1.36988,1.37288,3000,loss,loss,-1.0
REV_SHORT,USDCAD,2025-06-20 11:45:00+00:00,2025-06-20 14:00:00+00:00,short,1.37051,1.37351,3000,loss,loss,-1.0
GAP_REJ_LONG,USDCAD,2025-07-04 06:15:00+00:00,2025-07-04 07:30:00+00:00,long,1.35701,1.35882,1810,win,win,1.0
GAP_REJ_SHORT,USDCAD,2025-07-28 06:30:00+00:00,2025-07-29 00:45:00+00:00,short,1.37139,1.37425,2860,loss,loss,-1.0
REV_LONG,USDCAD,2025-07-28 07:15:00+00:00,2025-07-29 06:45:00+00:00,long,1.3717,1.3747,3000,win,win,1.0
GAP_REJ_SHORT,USDCAD,2025-10-13 09:00:00+00:00,2025-10-13 12:15:00+00:00,short,1.39992,1.40108,1160,loss,loss,-1.0
REV_SHORT,USDCAD,2025-10-17 07:00:00+00:00,2025-10-17 11:00:00+00:00,short,1.40584,1.40284,3000,loss,win,1.0
REV_SHORT,USDCAD,2025-10-28 07:00:00+00:00,2025-10-28 14:15:00+00:00,short,1.40005,1.39705,3000,loss,win,1.0
REV_SHORT,USDCAD,2025-10-28 07:15:00+00:00,2025-10-28 14:15:00+00:00,short,1.40005,1.39705,3000,loss,win,1.0
REV_SHORT,USDCAD,2025-10-28 09:30:00+00:00,2025-10-28 14:15:00+00:00,short,1.39966,1.39666,3000,loss,win,1.0
REV_SHORT,USDCAD,2025-10-28 09:45:00+00:00,2025-10-28 14:15:00+00:00,short,1.39972,1.39672,3000,loss,win,1.0
REV_SHORT,USDCAD,2025-10-28 10:00:00+00:00,2025-10-28 14:15:00+00:00,short,1.39963,1.39663,3000,loss,win,1.0
GAP_REJ_SHORT,USDCAD,2025-11-04 06:30:00+00:00,2025-11-04 07:15:00+00:00,short,1.40654,1.40614,400,win,win,1.0
REV_SHORT,USDCAD,2025-11-27 07:45:00+00:00,2025-11-28 13:30:00+00:00,short,1.40342,1.40042,3000,win,win,1.0
REV_SHORT,USDCAD,2026-01-20 07:00:00+00:00,2026-01-20 11:00:00+00:00,short,1.38534,1.38234,3000,win,win,1.0
ATTR_LONG,USDCAD,2026-02-09 08:00:00+00:00,2026-02-09 12:45:00+00:00,long,1.36438,1.36097,3410,loss,loss,-1.0
ATTR_LONG,USDCAD,2026-02-23 07:45:00+00:00,2026-02-23 10:00:00+00:00,long,1.36685,1.36751,660,win,win,1.0
REV_LONG,USDCAD,2026-03-09 08:00:00+00:00,2026-03-09 11:30:00+00:00,long,1.356,1.353,3000,loss,loss,-1.0
REV_LONG,USDCAD,2026-03-25 07:45:00+00:00,2026-03-25 18:30:00+00:00,long,1.37829,1.38129,3000,win,win,1.0
ATTR_LONG,USDCAD,2026-04-13 06:30:00+00:00,2026-04-13 07:30:00+00:00,long,1.38566,1.38465,1010,loss,loss,-1.0
REV_LONG,USDCAD,2026-04-28 09:45:00+00:00,2026-04-28 14:45:00+00:00,long,1.36543,1.36843,3000,win,win,1.0
GAP_REJ_LONG,USDCAD,2026-05-11 07:45:00+00:00,2026-05-11 08:00:00+00:00,long,1.36715,1.36702,130,loss,loss,-1.0
REV_LONG,USDCAD,2026-05-15 08:45:00+00:00,2026-05-15 20:45:00+00:00,long,1.3748,1.37444,3000,timeout,timeout,0.0
LON_ATTR_SHORT,USDCAD,2023-10-09 10:45:00+00:00,2023-10-09 12:00:00+00:00,short,1.3669,1.36543,1470,win,win,1.0
LON_ATTR_LONG,USDCAD,2023-10-23 08:15:00+00:00,2023-10-23 10:15:00+00:00,long,1.37155,1.37301,1460,win,win,1.0
LON_ATTR_SHORT,USDCAD,2023-12-04 10:15:00+00:00,2023-12-04 13:15:00+00:00,short,1.35409,1.35269,1400,loss,win,1.0
LON_ATTR_LONG,USDCAD,2024-01-10 09:30:00+00:00,2024-01-11 12:45:00+00:00,long,1.3373,1.33545,1850,loss,loss,-1.0
LON_ATTR_SHORT,USDCAD,2024-01-22 08:45:00+00:00,2024-01-22 12:00:00+00:00,short,1.34311,1.34171,1400,win,win,1.0
LON_ATTR_SHORT,USDCAD,2024-01-23 08:15:00+00:00,2024-01-23 14:45:00+00:00,short,1.34714,1.34844,1300,loss,loss,-1.0
LON_ATTR_LONG,USDCAD,2024-04-09 10:15:00+00:00,2024-04-09 11:30:00+00:00,long,1.35644,1.35757,1130,loss,win,1.0
LON_ATTR_LONG,USDCAD,2024-04-19 09:30:00+00:00,2024-04-19 10:00:00+00:00,long,1.37548,1.37612,640,win,win,1.0
LON_ATTR_SHORT,USDCAD,2024-04-22 12:00:00+00:00,2024-04-22 13:30:00+00:00,short,1.37206,1.37432,2260,win,loss,-1.0
LON_ATTR_LONG,USDCAD,2024-05-06 12:45:00+00:00,2024-05-07 06:00:00+00:00,long,1.3661,1.36837,2270,win,win,1.0
LON_ATTR_SHORT,USDCAD,2024-06-11 10:45:00+00:00,2024-06-11 13:30:00+00:00,short,1.37707,1.37844,1370,loss,loss,-1.0
LON_ATTR_LONG,USDCAD,2024-07-04 14:45:00+00:00,2024-07-05 06:00:00+00:00,long,1.36183,1.36045,1380,loss,loss,-1.0
LON_ATTR_LONG,USDCAD,2024-07-08 10:15:00+00:00,2024-07-08 10:30:00+00:00,long,1.36338,1.3638,420,win,win,1.0
LON_ATTR_LONG,USDCAD,2024-07-17 13:30:00+00:00,2024-07-18 18:15:00+00:00,long,1.367,1.37104,4040,win,win,1.0
LON_ATTR_LONG,USDCAD,2024-09-16 08:45:00+00:00,2024-09-16 12:15:00+00:00,long,1.35745,1.35861,1160,win,win,1.0
LON_ATTR_SHORT,USDCAD,2024-09-25 09:45:00+00:00,2024-09-25 12:30:00+00:00,short,1.34361,1.34527,1660,win,loss,-1.0
LON_ATTR_SHORT,USDCAD,2024-10-21 10:00:00+00:00,2024-10-21 14:30:00+00:00,short,1.38215,1.38333,1180,win,loss,-1.0
LON_ATTR_LONG,USDCAD,2024-11-06 09:30:00+00:00,2024-11-06 11:45:00+00:00,long,1.38989,1.39139,1500,win,win,1.0
LON_ATTR_SHORT,USDCAD,2024-11-12 10:30:00+00:00,2024-11-12 12:30:00+00:00,short,1.39629,1.39459,1700,loss,win,1.0
LON_ATTR_SHORT,USDCAD,2024-11-25 08:15:00+00:00,2024-11-25 16:45:00+00:00,short,1.39743,1.40047,3040,win,loss,-1.0
LON_ATTR_LONG,USDCAD,2024-12-09 15:15:00+00:00,2024-12-09 18:00:00+00:00,long,1.41187,1.41396,2090,win,win,1.0
LON_ATTR_SHORT,USDCAD,2024-12-10 09:45:00+00:00,2024-12-11 14:45:00+00:00,short,1.41761,1.41481,2800,loss,win,1.0
LON_ATTR_LONG,USDCAD,2025-01-06 07:30:00+00:00,2025-01-06 07:45:00+00:00,long,1.43931,1.43867,640,loss,loss,-1.0
LON_ATTR_LONG,USDCAD,2025-01-22 10:00:00+00:00,2025-01-22 13:30:00+00:00,long,1.4321,1.43503,2930,win,win,1.0
LON_ATTR_LONG,USDCAD,2025-03-04 09:00:00+00:00,2025-03-04 09:30:00+00:00,long,1.4438,1.44174,2060,loss,loss,-1.0
LON_ATTR_SHORT,USDCAD,2025-04-08 08:30:00+00:00,2025-04-08 09:15:00+00:00,short,1.41736,1.41986,2500,loss,loss,-1.0
LON_ATTR_LONG,USDCAD,2025-04-21 09:30:00+00:00,2025-04-21 16:00:00+00:00,long,1.37901,1.38207,3060,win,win,1.0
LON_ATTR_LONG,USDCAD,2025-05-06 08:15:00+00:00,2025-05-06 09:45:00+00:00,long,1.3814,1.38302,1620,win,win,1.0
LON_ATTR_SHORT,USDCAD,2025-05-12 17:30:00+00:00,2025-05-18 21:30:00+00:00,short,1.40138,1.3962,12870,win,timeout,0.0
LON_ATTR_LONG,USDCAD,2025-05-19 07:45:00+00:00,2025-05-19 14:45:00+00:00,long,1.39528,1.39276,2520,loss,loss,-1.0
LON_ATTR_SHORT,USDCAD,2025-05-21 08:45:00+00:00,2025-05-21 10:15:00+00:00,short,1.38933,1.38788,1450,win,win,1.0
LON_ATTR_SHORT,USDCAD,2025-05-27 10:15:00+00:00,2025-05-27 18:00:00+00:00,short,1.37627,1.37848,2210,loss,loss,-1.0
LON_ATTR_LONG,USDCAD,2025-06-10 11:45:00+00:00,2025-06-10 14:00:00+00:00,long,1.36922,1.36696,2260,win,loss,-1.0
LON_ATTR_LONG,USDCAD,2025-06-16 09:30:00+00:00,2025-06-16 12:15:00+00:00,long,1.35717,1.35601,1160,loss,loss,-1.0
LON_ATTR_SHORT,USDCAD,2025-07-04 18:00:00+00:00,2025-07-04 20:45:00+00:00,short,1.36086,1.35983,1030,loss,win,1.0
LON_ATTR_SHORT,USDCAD,2025-07-07 08:15:00+00:00,2025-07-07 11:45:00+00:00,short,1.36734,1.36591,1430,loss,win,1.0
LON_ATTR_LONG,USDCAD,2025-07-08 07:45:00+00:00,2025-07-08 08:00:00+00:00,long,1.3639,1.36434,440,win,win,1.0
LON_ATTR_LONG,USDCAD,2025-07-14 08:00:00+00:00,2025-07-14 12:45:00+00:00,long,1.36765,1.36904,1390,win,win,1.0
LON_ATTR_LONG,USDCAD,2025-07-18 15:00:00+00:00,2025-07-21 12:30:00+00:00,long,1.3718,1.36971,2090,win,loss,-1.0
LON_ATTR_LONG,USDCAD,2025-07-21 12:30:00+00:00,2025-07-21 21:00:00+00:00,long,1.36973,1.36748,2250,loss,loss,-1.0
LON_ATTR_SHORT,USDCAD,2025-08-11 09:30:00+00:00,2025-08-11 12:15:00+00:00,short,1.37713,1.37881,1680,loss,loss,-1.0
LON_ATTR_LONG,USDCAD,2025-08-13 08:45:00+00:00,2025-08-13 09:15:00+00:00,long,1.37635,1.37573,620,loss,loss,-1.0
LON_ATTR_SHORT,USDCAD,2025-08-25 14:00:00+00:00,2025-08-25 16:30:00+00:00,short,1.3825,1.38371,1210,loss,loss,-1.0
LON_ATTR_SHORT,USDCAD,2025-08-27 08:30:00+00:00,2025-08-27 14:45:00+00:00,short,1.38548,1.38305,2430,win,win,1.0
LON_ATTR_LONG,USDCAD,2025-09-08 08:30:00+00:00,2025-09-08 10:45:00+00:00,long,1.38179,1.38084,950,loss,loss,-1.0
LON_ATTR_LONG,USDCAD,2025-09-15 07:30:00+00:00,2025-09-15 10:15:00+00:00,long,1.38378,1.38258,1200,loss,loss,-1.0
LON_ATTR_SHORT,USDCAD,2025-10-07 09:30:00+00:00,2025-10-07 15:15:00+00:00,short,1.39563,1.39422,1410,loss,win,1.0
LON_ATTR_SHORT,USDCAD,2025-10-13 12:45:00+00:00,2025-10-14 06:00:00+00:00,short,1.40129,1.40518,3890,win,loss,-1.0
LON_ATTR_SHORT,USDCAD,2025-10-17 13:00:00+00:00,2025-10-17 19:45:00+00:00,short,1.40369,1.40089,2800,loss,win,1.0
LON_ATTR_SHORT,USDCAD,2025-10-30 13:00:00+00:00,2025-11-03 15:15:00+00:00,short,1.40125,1.40693,5680,loss,loss,-1.0
LON_ATTR_LONG,USDCAD,2025-11-13 10:15:00+00:00,2025-11-13 17:30:00+00:00,long,1.39921,1.4019,2690,loss,win,1.0
LON_ATTR_SHORT,USDCAD,2025-12-19 09:30:00+00:00,2025-12-19 13:45:00+00:00,short,1.37962,1.37834,1280,win,win,1.0
LON_ATTR_SHORT,USDCAD,2026-01-06 09:30:00+00:00,2026-01-06 12:30:00+00:00,short,1.37649,1.37807,1580,loss,loss,-1.0
LON_ATTR_LONG,USDCAD,2026-01-16 11:15:00+00:00,2026-01-16 12:30:00+00:00,long,1.38857,1.38929,720,win,win,1.0
LON_ATTR_SHORT,USDCAD,2026-02-16 15:45:00+00:00,2026-02-17 01:45:00+00:00,short,1.36286,1.36439,1530,loss,loss,-1.0
LON_ATTR_SHORT,USDCAD,2026-02-23 08:45:00+00:00,2026-02-23 11:15:00+00:00,short,1.36637,1.36813,1760,loss,loss,-1.0
LON_ATTR_SHORT,USDCAD,2026-02-24 08:00:00+00:00,2026-02-24 12:00:00+00:00,short,1.37032,1.37152,1200,win,loss,-1.0
LON_ATTR_SHORT,USDCAD,2026-03-03 15:15:00+00:00,2026-03-04 10:00:00+00:00,short,1.37314,1.36478,8360,win,win,1.0
LON_ATTR_LONG,USDCAD,2026-03-17 09:00:00+00:00,2026-03-17 15:15:00+00:00,long,1.36974,1.37165,1910,loss,win,1.0
LON_ATTR_SHORT,USDCAD,2026-03-27 11:15:00+00:00,2026-03-27 11:45:00+00:00,short,1.38514,1.38666,1520,win,loss,-1.0
LON_ATTR_SHORT,USDCAD,2026-04-16 09:45:00+00:00,2026-04-16 14:00:00+00:00,short,1.37291,1.37094,1970,win,win,1.0
LON_ATTR_LONG,USDCAD,2026-04-17 15:30:00+00:00,2026-04-19 22:00:00+00:00,long,1.36685,1.36986,3010,win,win,1.0
LON_ATTR_LONG,USDCAD,2026-04-24 13:00:00+00:00,2026-04-24 17:15:00+00:00,long,1.36888,1.367,1880,win,loss,-1.0
LON_ATTR_LONG,USDCAD,2026-04-27 09:30:00+00:00,2026-04-27 19:45:00+00:00,long,1.36102,1.36307,2050,win,win,1.0
LON_ATTR_SHORT,USDCAD,2026-05-04 08:00:00+00:00,2026-05-04 20:15:00+00:00,short,1.36044,1.36217,1730,loss,loss,-1.0
LON_ATTR_LONG,USDCAD,2026-05-07 08:30:00+00:00,2026-05-07 08:45:00+00:00,long,1.36256,1.36252,40,win,loss,-1.0
LON_ATTR_LONG,USDCAD,2026-05-11 15:00:00+00:00,2026-05-11 20:00:00+00:00,long,1.36662,1.3681,1480,win,win,1.0
GAP_REJ_LONG,USDCHF,2025-07-04 06:15:00+00:00,2025-07-04 19:15:00+00:00,long,0.79282,0.79463,1810,win,win,1.0
GAP_REJ_SHORT,USDCHF,2025-07-28 06:30:00+00:00,2025-07-28 09:30:00+00:00,short,0.79723,0.80009,2860,loss,loss,-1.0
REV_LONG,USDCHF,2025-07-28 07:15:00+00:00,2025-07-28 08:45:00+00:00,long,0.79642,0.79942,3000,win,win,1.0
GAP_REJ_SHORT,USDCHF,2025-10-13 09:00:00+00:00,2025-10-13 12:15:00+00:00,short,0.80324,0.8044,1160,loss,loss,-1.0
REV_SHORT,USDCHF,2025-10-17 07:00:00+00:00,2025-10-17 11:00:00+00:00,short,0.78811,0.79111,3000,loss,loss,-1.0
REV_SHORT,USDCHF,2025-10-28 07:00:00+00:00,2025-10-29 09:15:00+00:00,short,0.79435,0.79735,3000,loss,loss,-1.0
REV_SHORT,USDCHF,2025-10-28 07:15:00+00:00,2025-10-29 12:45:00+00:00,short,0.79459,0.79759,3000,loss,loss,-1.0
REV_SHORT,USDCHF,2025-10-28 09:30:00+00:00,2025-10-28 13:00:00+00:00,short,0.79336,0.79636,3000,loss,loss,-1.0
REV_SHORT,USDCHF,2025-10-28 09:45:00+00:00,2025-10-28 13:00:00+00:00,short,0.79343,0.79643,3000,loss,loss,-1.0
REV_SHORT,USDCHF,2025-10-28 10:00:00+00:00,2025-10-29 08:30:00+00:00,short,0.79382,0.79682,3000,loss,loss,-1.0
GAP_REJ_SHORT,USDCHF,2025-11-04 06:30:00+00:00,2025-11-04 07:00:00+00:00,short,0.80774,0.80734,400,win,win,1.0
ATTR_SHORT,USDCHF,2025-11-17 09:30:00+00:00,2025-11-17 10:30:00+00:00,short,0.79416,0.79503,870,loss,loss,-1.0
REV_SHORT,USDCHF,2025-11-27 07:45:00+00:00,2025-12-01 12:30:00+00:00,short,0.80468,0.80168,3000,win,win,1.0
GAP_REJ_LONG,USDCHF,2026-01-19 08:15:00+00:00,2026-01-19 08:30:00+00:00,long,0.79957,0.79951,60,loss,loss,-1.0
REV_SHORT,USDCHF,2026-01-20 07:00:00+00:00,2026-01-20 08:00:00+00:00,short,0.79601,0.79301,3000,win,win,1.0
ATTR_LONG,USDCHF,2026-02-09 08:00:00+00:00,2026-02-09 13:00:00+00:00,long,0.77306,0.76965,3410,loss,loss,-1.0
ATTR_LONG,USDCHF,2026-02-23 07:45:00+00:00,2026-02-23 08:00:00+00:00,long,0.77217,0.77283,660,win,win,1.0
REV_LONG,USDCHF,2026-03-09 08:00:00+00:00,2026-03-10 09:15:00+00:00,long,0.7782,0.7752,3000,loss,loss,-1.0
GAP_REJ_LONG,USDCHF,2026-03-16 16:45:00+00:00,2026-03-18 19:45:00+00:00,long,0.78787,0.79278,4910,loss,win,1.0
REV_LONG,USDCHF,2026-03-25 07:45:00+00:00,2026-03-26 11:30:00+00:00,long,0.78994,0.79294,3000,win,win,1.0
ATTR_LONG,USDCHF,2026-04-13 06:30:00+00:00,2026-04-13 06:45:00+00:00,long,0.79211,0.7911,1010,loss,loss,-1.0
REV_LONG,USDCHF,2026-04-28 09:45:00+00:00,2026-04-30 10:15:00+00:00,long,0.78984,0.78684,3000,win,loss,-1.0
GAP_REJ_LONG,USDCHF,2026-05-11 07:45:00+00:00,2026-05-11 08:00:00+00:00,long,0.7782,0.77807,130,loss,loss,-1.0
REV_LONG,USDCHF,2026-05-15 08:45:00+00:00,2026-05-15 20:45:00+00:00,long,0.78567,0.78636,3000,timeout,timeout,0.0
LON_ATTR_SHORT,USDCHF,2025-07-04 18:00:00+00:00,2025-07-04 19:15:00+00:00,short,0.79328,0.79431,1030,loss,loss,-1.0
LON_ATTR_SHORT,USDCHF,2025-07-07 08:15:00+00:00,2025-07-07 12:15:00+00:00,short,0.79657,0.798,1430,loss,loss,-1.0
LON_ATTR_LONG,USDCHF,2025-07-08 07:45:00+00:00,2025-07-08 08:00:00+00:00,long,0.796,0.79644,440,win,win,1.0
LON_ATTR_LONG,USDCHF,2025-07-14 08:00:00+00:00,2025-07-14 12:00:00+00:00,long,0.79742,0.79603,1390,win,loss,-1.0
LON_ATTR_LONG,USDCHF,2025-07-18 15:00:00+00:00,2025-07-18 19:00:00+00:00,long,0.79969,0.80178,2090,win,win,1.0
LON_ATTR_LONG,USDCHF,2025-07-21 12:30:00+00:00,2025-07-21 15:00:00+00:00,long,0.79935,0.7971,2250,loss,loss,-1.0
LON_ATTR_SHORT,USDCHF,2025-08-11 09:30:00+00:00,2025-08-11 11:45:00+00:00,short,0.80938,0.81106,1680,loss,loss,-1.0
LON_ATTR_LONG,USDCHF,2025-08-13 08:45:00+00:00,2025-08-13 09:00:00+00:00,long,0.80339,0.80277,620,loss,loss,-1.0
LON_ATTR_SHORT,USDCHF,2025-08-25 14:00:00+00:00,2025-08-25 15:45:00+00:00,short,0.80243,0.80364,1210,loss,loss,-1.0
LON_ATTR_SHORT,USDCHF,2025-08-27 08:30:00+00:00,2025-08-27 14:00:00+00:00,short,0.80675,0.80432,2430,win,win,1.0
LON_ATTR_LONG,USDCHF,2025-09-08 08:30:00+00:00,2025-09-08 12:45:00+00:00,long,0.79592,0.79497,950,loss,loss,-1.0
LON_ATTR_LONG,USDCHF,2025-09-15 07:30:00+00:00,2025-09-15 10:00:00+00:00,long,0.79627,0.79507,1200,loss,loss,-1.0
LON_ATTR_SHORT,USDCHF,2025-10-07 09:30:00+00:00,2025-10-07 21:15:00+00:00,short,0.79794,0.79653,1410,loss,win,1.0
LON_ATTR_SHORT,USDCHF,2025-10-13 12:45:00+00:00,2025-10-14 16:00:00+00:00,short,0.80465,0.80076,3890,win,win,1.0
LON_ATTR_SHORT,USDCHF,2025-10-17 13:00:00+00:00,2025-10-21 10:00:00+00:00,short,0.79219,0.79499,2800,loss,loss,-1.0
LON_ATTR_SHORT,USDCHF,2025-10-30 13:00:00+00:00,2025-11-03 14:15:00+00:00,short,0.80317,0.80885,5680,loss,loss,-1.0
LON_ATTR_LONG,USDCHF,2025-11-06 13:00:00+00:00,2025-11-06 22:00:00+00:00,long,0.80781,0.80598,1830,loss,loss,-1.0
LON_ATTR_LONG,USDCHF,2025-11-07 11:30:00+00:00,2025-11-07 14:45:00+00:00,long,0.80577,0.80404,1730,loss,loss,-1.0
LON_ATTR_LONG,USDCHF,2025-11-13 10:15:00+00:00,2025-11-13 15:45:00+00:00,long,0.79522,0.79253,2690,loss,loss,-1.0
LON_ATTR_LONG,USDCHF,2025-11-17 08:00:00+00:00,2025-11-17 08:15:00+00:00,long,0.79375,0.79449,740,win,win,1.0
LON_ATTR_SHORT,USDCHF,2025-12-19 09:30:00+00:00,2025-12-22 08:45:00+00:00,short,0.79503,0.79375,1280,win,win,1.0
LON_ATTR_SHORT,USDCHF,2026-01-06 09:30:00+00:00,2026-01-06 15:00:00+00:00,short,0.79244,0.79402,1580,loss,loss,-1.0
LON_ATTR_LONG,USDCHF,2026-01-16 11:15:00+00:00,2026-01-16 15:00:00+00:00,long,0.80173,0.80101,720,win,loss,-1.0
LON_ATTR_SHORT,USDCHF,2026-02-16 15:45:00+00:00,2026-02-17 13:00:00+00:00,short,0.76936,0.77089,1530,loss,loss,-1.0
LON_ATTR_SHORT,USDCHF,2026-02-17 07:45:00+00:00,2026-02-17 08:45:00+00:00,short,0.77044,0.76917,1270,win,win,1.0
LON_ATTR_SHORT,USDCHF,2026-02-23 08:45:00+00:00,2026-02-23 11:00:00+00:00,short,0.77351,0.77527,1760,loss,loss,-1.0
LON_ATTR_SHORT,USDCHF,2026-02-24 08:00:00+00:00,2026-02-24 08:30:00+00:00,short,0.77531,0.77411,1200,win,win,1.0
LON_ATTR_SHORT,USDCHF,2026-03-03 15:15:00+00:00,2026-03-04 21:45:00+00:00,short,0.78664,0.77828,8360,win,win,1.0
LON_ATTR_LONG,USDCHF,2026-03-17 09:00:00+00:00,2026-03-17 16:15:00+00:00,long,0.78707,0.78516,1910,loss,loss,-1.0
LON_ATTR_SHORT,USDCHF,2026-03-27 11:15:00+00:00,2026-03-27 13:30:00+00:00,short,0.79728,0.79576,1520,win,win,1.0
LON_ATTR_SHORT,USDCHF,2026-04-16 09:45:00+00:00,2026-04-17 12:15:00+00:00,short,0.78373,0.78176,1970,win,win,1.0
LON_ATTR_LONG,USDCHF,2026-04-17 15:30:00+00:00,2026-04-19 22:00:00+00:00,long,0.77962,0.78263,3010,win,win,1.0
LON_ATTR_LONG,USDCHF,2026-04-20 07:15:00+00:00,2026-04-20 07:30:00+00:00,long,0.78184,0.78233,490,win,win,1.0
LON_ATTR_LONG,USDCHF,2026-04-24 13:00:00+00:00,2026-04-24 20:45:00+00:00,long,0.78638,0.7845,1880,win,loss,-1.0
LON_ATTR_LONG,USDCHF,2026-04-27 09:30:00+00:00,2026-04-27 17:15:00+00:00,long,0.78393,0.78598,2050,win,win,1.0
LON_ATTR_SHORT,USDCHF,2026-05-04 08:00:00+00:00,2026-05-05 15:30:00+00:00,short,0.78313,0.7814,1730,loss,win,1.0
LON_ATTR_LONG,USDCHF,2026-05-07 08:30:00+00:00,2026-05-07 08:45:00+00:00,long,0.77765,0.77761,40,win,loss,-1.0
LON_ATTR_LONG,USDCHF,2026-05-11 15:00:00+00:00,2026-05-12 00:30:00+00:00,long,0.77712,0.7786,1480,win,win,1.0
GAP_REJ_LONG,USDJPY,2023-10-09 18:30:00+00:00,2023-10-09 22:00:00+00:00,long,148.578,148.422,1560,loss,loss,-1.0
GAP_REJ_LONG,USDJPY,2023-10-10 09:00:00+00:00,2023-10-10 11:00:00+00:00,long,148.927,149.073,1460,win,win,1.0
GAP_REJ_LONG,USDJPY,2023-10-20 13:15:00+00:00,2023-10-20 13:30:00+00:00,long,149.935,149.899,360,loss,loss,-1.0
GAP_REJ_LONG,USDJPY,2023-10-30 07:15:00+00:00,2023-10-30 07:30:00+00:00,long,149.418,149.461,430,win,win,1.0
ATTR_SHORT,USDJPY,2023-12-04 09:00:00+00:00,2023-12-04 14:15:00+00:00,short,146.728,147.006,2780,loss,loss,-1.0
GAP_REJ_LONG,USDJPY,2024-01-08 10:15:00+00:00,2024-01-08 10:30:00+00:00,long,144.363,144.335,280,loss,loss,-1.0
GAP_REJ_SHORT,USDJPY,2024-01-29 11:45:00+00:00,2024-01-29 12:45:00+00:00,short,147.873,147.974,1010,win,loss,-1.0
GAP_REJ_LONG,USDJPY,2024-02-07 11:45:00+00:00,2024-02-07 12:00:00+00:00,long,148.083,148.108,250,win,win,1.0
ATTR_LONG,USDJPY,2024-10-07 08:15:00+00:00,2024-10-07 08:30:00+00:00,long,148.159,148.066,930,win,loss,-1.0
GAP_REJ_SHORT,USDJPY,2024-10-14 08:30:00+00:00,2024-10-14 08:45:00+00:00,short,149.418,149.431,130,loss,loss,-1.0
ATTR_SHORT,USDJPY,2024-10-28 07:30:00+00:00,2024-10-28 07:45:00+00:00,short,153.225,153.246,210,loss,loss,-1.0
REV_SHORT,USDJPY,2024-11-25 10:15:00+00:00,2024-11-25 13:00:00+00:00,short,154.374,154.074,3000,win,win,1.0
GAP_REJ_SHORT,USDJPY,2024-12-30 07:30:00+00:00,2024-12-30 07:45:00+00:00,short,157.824,157.862,380,loss,loss,-1.0
GAP_REJ_LONG,USDJPY,2025-02-26 09:00:00+00:00,2025-02-26 09:15:00+00:00,long,149.276,149.33,540,win,win,1.0
GAP_REJ_LONG,USDJPY,2025-04-07 08:00:00+00:00,2025-04-07 08:15:00+00:00,long,145.862,145.874,120,win,win,1.0
GAP_REJ_LONG,USDJPY,2025-04-28 09:45:00+00:00,2025-04-28 11:15:00+00:00,long,143.449,143.523,740,win,win,1.0
GAP_REJ_LONG,USDJPY,2025-05-06 07:00:00+00:00,2025-05-06 07:15:00+00:00,long,143.639,143.532,1070,loss,loss,-1.0
GAP_REJ_SHORT,USDJPY,2025-06-09 13:15:00+00:00,2025-06-09 13:30:00+00:00,short,144.703,144.625,780,win,win,1.0
GAP_REJ_LONG,USDJPY,2025-06-16 09:30:00+00:00,2025-06-16 13:15:00+00:00,long,144.162,143.867,2950,loss,loss,-1.0
GAP_REJ_LONG,USDJPY,2025-07-04 06:15:00+00:00,2025-07-04 13:00:00+00:00,long,144.27,144.451,1810,win,win,1.0
GAP_REJ_SHORT,USDJPY,2025-07-28 06:30:00+00:00,2025-07-28 07:00:00+00:00,short,148.14,147.854,2860,loss,win,1.0
REV_LONG,USDJPY,2025-07-28 07:15:00+00:00,2025-07-28 07:45:00+00:00,long,147.933,148.233,3000,win,win,1.0
GAP_REJ_SHORT,USDJPY,2025-10-13 09:00:00+00:00,2025-10-13 10:45:00+00:00,short,152.244,152.128,1160,loss,win,1.0
REV_SHORT,USDJPY,2025-10-17 07:00:00+00:00,2025-10-17 08:15:00+00:00,short,149.504,149.804,3000,loss,loss,-1.0
REV_SHORT,USDJPY,2025-10-28 07:00:00+00:00,2025-10-28 08:30:00+00:00,short,152.142,151.842,3000,loss,win,1.0
REV_SHORT,USDJPY,2025-10-28 07:15:00+00:00,2025-10-28 08:30:00+00:00,short,152.148,151.848,3000,loss,win,1.0
REV_SHORT,USDJPY,2025-10-28 09:30:00+00:00,2025-10-28 12:45:00+00:00,short,151.897,152.197,3000,loss,loss,-1.0
REV_SHORT,USDJPY,2025-10-28 09:45:00+00:00,2025-10-28 12:45:00+00:00,short,151.915,152.215,3000,loss,loss,-1.0
REV_SHORT,USDJPY,2025-10-28 10:00:00+00:00,2025-10-28 12:45:00+00:00,short,151.9,152.2,3000,loss,loss,-1.0
GAP_REJ_SHORT,USDJPY,2025-11-04 06:30:00+00:00,2025-11-04 06:45:00+00:00,short,153.563,153.603,400,win,loss,-1.0
ATTR_SHORT,USDJPY,2025-11-17 09:30:00+00:00,2025-11-17 10:45:00+00:00,short,154.716,154.803,870,loss,loss,-1.0
REV_SHORT,USDJPY,2025-11-27 07:45:00+00:00,2025-11-28 00:45:00+00:00,short,156.11,156.41,3000,win,loss,-1.0
GAP_REJ_LONG,USDJPY,2026-01-19 08:15:00+00:00,2026-01-19 08:30:00+00:00,long,158.115,158.109,60,loss,loss,-1.0
REV_SHORT,USDJPY,2026-01-20 07:00:00+00:00,2026-01-20 08:00:00+00:00,short,158.525,158.225,3000,win,win,1.0
ATTR_LONG,USDJPY,2026-02-09 08:00:00+00:00,2026-02-09 13:00:00+00:00,long,156.606,156.265,3410,loss,loss,-1.0
ATTR_LONG,USDJPY,2026-02-23 07:45:00+00:00,2026-02-23 08:00:00+00:00,long,154.479,154.545,660,win,win,1.0
REV_LONG,USDJPY,2026-03-09 08:00:00+00:00,2026-03-09 09:30:00+00:00,long,158.516,158.216,3000,loss,loss,-1.0
GAP_REJ_LONG,USDJPY,2026-03-16 16:45:00+00:00,2026-03-17 13:30:00+00:00,long,159.265,158.774,4910,loss,loss,-1.0
REV_LONG,USDJPY,2026-03-25 07:45:00+00:00,2026-03-25 08:15:00+00:00,long,159.136,158.836,3000,win,loss,-1.0
ATTR_LONG,USDJPY,2026-04-13 06:30:00+00:00,2026-04-13 08:00:00+00:00,long,159.68,159.579,1010,loss,loss,-1.0
GAP_REJ_LONG,USDJPY,2026-05-11 07:45:00+00:00,2026-05-11 08:00:00+00:00,long,157.123,157.11,130,loss,loss,-1.0
REV_LONG,USDJPY,2026-05-15 08:45:00+00:00,2026-05-15 20:45:00+00:00,long,158.561,158.718,3000,timeout,timeout,0.0
LON_ATTR_SHORT,USDJPY,2023-10-09 10:45:00+00:00,2023-10-09 13:00:00+00:00,short,149.145,148.998,1470,win,win,1.0
LON_ATTR_LONG,USDJPY,2023-10-23 08:15:00+00:00,2023-10-23 15:45:00+00:00,long,149.885,149.739,1460,win,loss,-1.0
LON_ATTR_SHORT,USDJPY,2023-12-04 10:15:00+00:00,2023-12-04 10:30:00+00:00,short,146.628,146.488,1400,loss,win,1.0
LON_ATTR_LONG,USDJPY,2024-01-10 09:30:00+00:00,2024-01-10 11:30:00+00:00,long,144.925,145.11,1850,loss,win,1.0
LON_ATTR_SHORT,USDJPY,2024-01-22 08:45:00+00:00,2024-01-22 09:15:00+00:00,short,148.24,148.1,1400,win,win,1.0
LON_ATTR_SHORT,USDJPY,2024-02-06 14:15:00+00:00,2024-02-06 15:00:00+00:00,short,148.556,148.336,2200,win,win,1.0
LON_ATTR_LONG,USDJPY,2024-04-09 10:15:00+00:00,2024-04-09 14:00:00+00:00,long,151.818,151.705,1130,loss,loss,-1.0
LON_ATTR_LONG,USDJPY,2024-04-19 09:30:00+00:00,2024-04-19 10:00:00+00:00,long,154.455,154.519,640,win,win,1.0
LON_ATTR_SHORT,USDJPY,2024-04-22 12:00:00+00:00,2024-04-24 07:00:00+00:00,short,154.727,154.953,2260,win,loss,-1.0
LON_ATTR_LONG,USDJPY,2024-05-06 12:45:00+00:00,2024-05-06 13:30:00+00:00,long,153.519,153.746,2270,win,win,1.0
LON_ATTR_SHORT,USDJPY,2024-06-11 10:45:00+00:00,2024-06-11 12:30:00+00:00,short,157.095,156.958,1370,loss,win,1.0
LON_ATTR_LONG,USDJPY,2024-07-04 14:45:00+00:00,2024-07-04 18:00:00+00:00,long,161.061,161.199,1380,loss,win,1.0
LON_ATTR_LONG,USDJPY,2024-07-08 10:15:00+00:00,2024-07-08 10:30:00+00:00,long,160.946,160.988,420,win,win,1.0
LON_ATTR_LONG,USDJPY,2024-07-17 13:30:00+00:00,2024-07-17 23:00:00+00:00,long,156.31,155.906,4040,win,loss,-1.0
LON_ATTR_SHORT,USDJPY,2024-09-10 15:30:00+00:00,2024-09-10 15:45:00+00:00,short,142.452,142.344,1080,win,win,1.0
LON_ATTR_LONG,USDJPY,2024-09-16 08:45:00+00:00,2024-09-16 09:15:00+00:00,long,139.849,139.965,1160,win,win,1.0
LON_ATTR_SHORT,USDJPY,2024-09-25 09:45:00+00:00,2024-09-25 11:00:00+00:00,short,144.18,144.346,1660,win,loss,-1.0
LON_ATTR_SHORT,USDJPY,2024-10-21 10:00:00+00:00,2024-10-21 10:45:00+00:00,short,150.032,149.914,1180,win,win,1.0
LON_ATTR_SHORT,USDJPY,2024-10-23 15:45:00+00:00,2024-10-23 18:00:00+00:00,short,152.817,152.65,1670,win,win,1.0
LON_ATTR_LONG,USDJPY,2024-10-28 11:00:00+00:00,2024-10-28 14:00:00+00:00,long,152.602,152.839,2370,win,win,1.0
LON_ATTR_LONG,USDJPY,2024-11-06 09:30:00+00:00,2024-11-06 09:45:00+00:00,long,153.855,154.005,1500,win,win,1.0
LON_ATTR_SHORT,USDJPY,2024-11-12 10:30:00+00:00,2024-11-12 13:30:00+00:00,short,154.089,154.259,1700,loss,loss,-1.0
LON_ATTR_SHORT,USDJPY,2024-11-19 10:15:00+00:00,2024-11-19 10:45:00+00:00,short,153.646,153.816,1700,win,loss,-1.0
LON_ATTR_SHORT,USDJPY,2024-11-25 08:15:00+00:00,2024-11-25 12:45:00+00:00,short,154.534,154.23,3040,win,win,1.0
LON_ATTR_LONG,USDJPY,2024-12-09 15:15:00+00:00,2024-12-09 15:45:00+00:00,long,151.208,150.999,2090,win,loss,-1.0
LON_ATTR_SHORT,USDJPY,2024-12-10 09:45:00+00:00,2024-12-10 15:00:00+00:00,short,151.593,151.873,2800,loss,loss,-1.0
LON_ATTR_LONG,USDJPY,2025-01-06 07:30:00+00:00,2025-01-06 07:45:00+00:00,long,157.614,157.678,640,loss,win,1.0
LON_ATTR_LONG,USDJPY,2025-01-22 10:00:00+00:00,2025-01-22 12:15:00+00:00,long,155.7,155.993,2930,win,win,1.0
LON_ATTR_LONG,USDJPY,2025-03-04 09:00:00+00:00,2025-03-04 09:30:00+00:00,long,149.01,148.804,2060,loss,loss,-1.0
LON_ATTR_LONG,USDJPY,2025-03-18 08:30:00+00:00,2025-03-18 12:30:00+00:00,long,149.695,149.927,2320,win,win,1.0
LON_ATTR_SHORT,USDJPY,2025-04-08 08:30:00+00:00,2025-04-08 09:00:00+00:00,short,147.246,147.496,2500,loss,loss,-1.0
LON_ATTR_LONG,USDJPY,2025-04-21 09:30:00+00:00,2025-04-21 10:30:00+00:00,long,140.584,140.89,3060,win,win,1.0
LON_ATTR_LONG,USDJPY,2025-05-06 08:15:00+00:00,2025-05-06 08:45:00+00:00,long,142.98,143.142,1620,win,win,1.0
LON_ATTR_LONG,USDJPY,2025-05-09 09:15:00+00:00,2025-05-09 09:30:00+00:00,long,145.16,145.126,340,loss,loss,-1.0
LON_ATTR_SHORT,USDJPY,2025-05-12 17:30:00+00:00,2025-05-14 01:00:00+00:00,short,148.523,147.236,12870,win,win,1.0
LON_ATTR_LONG,USDJPY,2025-05-19 07:45:00+00:00,2025-05-19 13:00:00+00:00,long,144.848,145.1,2520,loss,win,1.0
LON_ATTR_SHORT,USDJPY,2025-05-21 08:45:00+00:00,2025-05-21 10:00:00+00:00,short,144.116,143.971,1450,win,win,1.0
LON_ATTR_LONG,USDJPY,2025-05-23 09:45:00+00:00,2025-05-23 11:15:00+00:00,long,143.306,143.117,1890,loss,loss,-1.0
LON_ATTR_LONG,USDJPY,2025-06-10 11:45:00+00:00,2025-06-10 14:45:00+00:00,long,144.583,144.809,2260,win,win,1.0
LON_ATTR_LONG,USDJPY,2025-06-16 09:30:00+00:00,2025-06-16 10:30:00+00:00,long,144.162,144.046,1160,loss,loss,-1.0
LON_ATTR_SHORT,USDJPY,2025-07-04 18:00:00+00:00,2025-07-06 21:30:00+00:00,short,144.482,144.379,1030,loss,win,1.0
LON_ATTR_SHORT,USDJPY,2025-07-07 08:15:00+00:00,2025-07-07 08:45:00+00:00,short,145.149,145.292,1430,loss,loss,-1.0
LON_ATTR_LONG,USDJPY,2025-07-08 07:45:00+00:00,2025-07-08 08:00:00+00:00,long,146.036,146.08,440,win,win,1.0
LON_ATTR_LONG,USDJPY,2025-07-14 08:00:00+00:00,2025-07-14 08:30:00+00:00,long,147.197,147.336,1390,win,win,1.0
LON_ATTR_LONG,USDJPY,2025-07-18 15:00:00+00:00,2025-07-18 16:15:00+00:00,long,148.445,148.654,2090,win,win,1.0
LON_ATTR_LONG,USDJPY,2025-07-21 12:30:00+00:00,2025-07-21 13:30:00+00:00,long,147.434,147.659,2250,loss,win,1.0
LON_ATTR_SHORT,USDJPY,2025-08-11 09:30:00+00:00,2025-08-11 11:00:00+00:00,short,147.628,147.796,1680,loss,loss,-1.0
LON_ATTR_LONG,USDJPY,2025-08-13 08:45:00+00:00,2025-08-13 09:00:00+00:00,long,147.269,147.207,620,loss,loss,-1.0
LON_ATTR_SHORT,USDJPY,2025-08-25 14:00:00+00:00,2025-08-25 15:00:00+00:00,short,147.378,147.499,1210,loss,loss,-1.0
LON_ATTR_SHORT,USDJPY,2025-08-27 08:30:00+00:00,2025-08-27 11:00:00+00:00,short,147.917,148.16,2430,win,loss,-1.0
LON_ATTR_LONG,USDJPY,2025-09-08 08:30:00+00:00,2025-09-08 09:15:00+00:00,long,147.656,147.751,950,loss,win,1.0
LON_ATTR_LONG,USDJPY,2025-09-15 07:30:00+00:00,2025-09-15 10:15:00+00:00,long,147.423,147.303,1200,loss,loss,-1.0
LON_ATTR_SHORT,USDJPY,2025-10-07 09:30:00+00:00,2025-10-07 11:45:00+00:00,short,150.746,150.887,1410,loss,loss,-1.0
LON_ATTR_SHORT,USDJPY,2025-10-13 12:45:00+00:00,2025-10-14 00:30:00+00:00,short,152.214,152.603,3890,win,loss,-1.0
LON_ATTR_SHORT,USDJPY,2025-10-17 13:00:00+00:00,2025-10-19 22:00:00+00:00,short,150.354,150.634,2800,loss,loss,-1.0
LON_ATTR_LONG,USDJPY,2025-11-06 13:00:00+00:00,2025-11-06 13:30:00+00:00,long,153.61,153.427,1830,loss,loss,-1.0
LON_ATTR_LONG,USDJPY,2025-11-07 11:30:00+00:00,2025-11-07 13:45:00+00:00,long,153.071,153.244,1730,loss,win,1.0
LON_ATTR_LONG,USDJPY,2025-11-13 10:15:00+00:00,2025-11-13 15:30:00+00:00,long,154.567,154.298,2690,loss,loss,-1.0
LON_ATTR_LONG,USDJPY,2025-11-17 08:00:00+00:00,2025-11-17 08:30:00+00:00,long,154.7,154.774,740,win,win,1.0
LON_ATTR_SHORT,USDJPY,2026-01-06 09:30:00+00:00,2026-01-06 13:00:00+00:00,short,156.413,156.571,1580,loss,loss,-1.0
LON_ATTR_LONG,USDJPY,2026-01-16 11:15:00+00:00,2026-01-16 12:15:00+00:00,long,158.117,158.189,720,win,win,1.0
LON_ATTR_SHORT,USDJPY,2026-02-16 15:45:00+00:00,2026-02-16 23:00:00+00:00,short,153.461,153.614,1530,loss,loss,-1.0
LON_ATTR_SHORT,USDJPY,2026-02-17 07:45:00+00:00,2026-02-17 08:15:00+00:00,short,153.082,152.955,1270,win,win,1.0
LON_ATTR_SHORT,USDJPY,2026-02-23 08:45:00+00:00,2026-02-23 11:30:00+00:00,short,154.718,154.894,1760,loss,loss,-1.0
LON_ATTR_SHORT,USDJPY,2026-02-24 08:00:00+00:00,2026-02-24 08:15:00+00:00,short,156.129,156.249,1200,win,loss,-1.0
LON_ATTR_LONG,USDJPY,2026-03-17 09:00:00+00:00,2026-03-17 13:00:00+00:00,long,159.142,158.951,1910,loss,loss,-1.0
LON_ATTR_SHORT,USDJPY,2026-03-27 11:15:00+00:00,2026-03-27 15:45:00+00:00,short,159.846,159.998,1520,win,loss,-1.0
LON_ATTR_SHORT,USDJPY,2026-04-16 09:45:00+00:00,2026-04-16 13:45:00+00:00,short,159.037,159.234,1970,win,loss,-1.0
LON_ATTR_LONG,USDJPY,2026-04-17 15:30:00+00:00,2026-04-17 18:45:00+00:00,long,158.156,158.457,3010,win,win,1.0
LON_ATTR_LONG,USDJPY,2026-04-20 07:15:00+00:00,2026-04-20 07:30:00+00:00,long,158.82,158.869,490,win,win,1.0
LON_ATTR_LONG,USDJPY,2026-04-24 13:00:00+00:00,2026-04-24 16:00:00+00:00,long,159.505,159.317,1880,win,loss,-1.0
LON_ATTR_LONG,USDJPY,2026-04-27 09:30:00+00:00,2026-04-27 16:30:00+00:00,long,159.161,159.366,2050,win,win,1.0
LON_ATTR_SHORT,USDJPY,2026-05-04 08:00:00+00:00,2026-05-04 10:00:00+00:00,short,156.929,157.102,1730,loss,loss,-1.0
LON_ATTR_LONG,USDJPY,2026-05-07 08:30:00+00:00,2026-05-07 08:45:00+00:00,long,156.29,156.286,40,win,loss,-1.0
LON_ATTR_LONG,USDJPY,2026-05-11 15:00:00+00:00,2026-05-11 17:00:00+00:00,long,157.047,157.195,1480,win,win,1.0
GAP_REJ_LONG,XAUUSD,2025-07-04 06:15:00+00:00,2025-07-07 00:00:00+00:00,short,3344.07,3325.97,1810,win,win,1.0
GAP_REJ_SHORT,XAUUSD,2025-07-28 06:30:00+00:00,2025-07-28 13:45:00+00:00,long,3338.58,3309.98,2860,loss,loss,-1.0
REV_LONG,XAUUSD,2025-07-28 07:15:00+00:00,2025-07-28 13:45:00+00:00,short,3340.05,3310.05,3000,win,win,1.0
GAP_REJ_SHORT,XAUUSD,2025-10-13 09:00:00+00:00,2025-10-13 13:00:00+00:00,long,4076.07,4087.67,1160,loss,win,1.0
REV_SHORT,XAUUSD,2025-10-17 07:00:00+00:00,2025-10-17 07:15:00+00:00,long,4355.3,4325.3,3000,loss,loss,-1.0
REV_SHORT,XAUUSD,2025-10-28 07:00:00+00:00,2025-10-28 08:15:00+00:00,long,3946.02,3916.02,3000,loss,loss,-1.0
REV_SHORT,XAUUSD,2025-10-28 07:15:00+00:00,2025-10-28 08:30:00+00:00,long,3930.87,3900.87,3000,loss,loss,-1.0
REV_SHORT,XAUUSD,2025-10-28 09:30:00+00:00,2025-10-28 13:45:00+00:00,long,3909.83,3939.83,3000,loss,win,1.0
REV_SHORT,XAUUSD,2025-10-28 09:45:00+00:00,2025-10-28 13:45:00+00:00,long,3904.6,3934.6,3000,loss,win,1.0
REV_SHORT,XAUUSD,2025-10-28 10:00:00+00:00,2025-10-28 13:15:00+00:00,long,3901.91,3931.91,3000,loss,win,1.0
GAP_REJ_SHORT,XAUUSD,2025-11-04 06:30:00+00:00,2025-11-04 06:45:00+00:00,long,3979.51,3983.51,400,win,win,1.0
ATTR_SHORT,XAUUSD,2025-11-17 09:30:00+00:00,2025-11-17 10:45:00+00:00,long,4086.06,4077.36,870,loss,loss,-1.0
REV_SHORT,XAUUSD,2025-11-27 07:45:00+00:00,2025-11-28 01:00:00+00:00,long,4159.99,4189.99,3000,win,win,1.0
GAP_REJ_LONG,XAUUSD,2026-01-19 08:15:00+00:00,2026-01-19 08:30:00+00:00,short,4669.23,4669.83,60,loss,loss,-1.0
REV_SHORT,XAUUSD,2026-01-20 07:00:00+00:00,2026-01-20 14:00:00+00:00,long,4715.57,4745.57,3000,win,win,1.0
ATTR_LONG,XAUUSD,2026-02-09 08:00:00+00:00,2026-02-09 10:30:00+00:00,short,5019.72,4985.62,3410,loss,win,1.0
ATTR_LONG,XAUUSD,2026-02-23 07:45:00+00:00,2026-02-23 08:15:00+00:00,short,5136.74,5130.14,660,win,win,1.0
REV_LONG,XAUUSD,2026-03-09 08:00:00+00:00,2026-03-09 09:30:00+00:00,short,5099.6,5129.6,3000,loss,loss,-1.0
GAP_REJ_LONG,XAUUSD,2026-03-16 16:45:00+00:00,2026-03-17 04:30:00+00:00,short,4990.49,5039.59,4910,loss,loss,-1.0
REV_LONG,XAUUSD,2026-03-25 07:45:00+00:00,2026-03-25 11:15:00+00:00,short,4539.57,4569.57,3000,win,loss,-1.0
ATTR_LONG,XAUUSD,2026-04-13 06:30:00+00:00,2026-04-13 07:00:00+00:00,short,4725.93,4736.03,1010,loss,loss,-1.0
REV_LONG,XAUUSD,2026-04-28 09:45:00+00:00,2026-04-28 11:30:00+00:00,short,4604.84,4574.84,3000,win,win,1.0
GAP_REJ_LONG,XAUUSD,2026-05-11 07:45:00+00:00,2026-05-11 08:00:00+00:00,short,4667.6,4668.9,130,loss,loss,-1.0
REV_LONG,XAUUSD,2026-05-15 08:45:00+00:00,2026-05-15 13:30:00+00:00,short,4554.46,4524.46,3000,timeout,win,1.0
LON_ATTR_SHORT,XAUUSD,2025-07-07 08:15:00+00:00,2025-07-07 16:15:00+00:00,long,3310.43,3324.73,1430,loss,win,1.0
LON_ATTR_LONG,XAUUSD,2025-07-08 07:45:00+00:00,2025-07-08 08:00:00+00:00,short,3333.91,3329.51,440,win,win,1.0
LON_ATTR_LONG,XAUUSD,2025-07-14 08:00:00+00:00,2025-07-14 12:15:00+00:00,short,3372.32,3358.42,1390,win,win,1.0
LON_ATTR_LONG,XAUUSD,2025-07-18 15:00:00+00:00,2025-07-21 11:15:00+00:00,short,3352.87,3373.77,2090,win,loss,-1.0
LON_ATTR_LONG,XAUUSD,2025-07-21 12:30:00+00:00,2025-07-22 13:00:00+00:00,short,3386.01,3408.51,2250,loss,loss,-1.0
LON_ATTR_SHORT,XAUUSD,2025-08-11 09:30:00+00:00,2025-08-11 14:30:00+00:00,long,3358.72,3341.92,1680,loss,loss,-1.0
LON_ATTR_LONG,XAUUSD,2025-08-13 08:45:00+00:00,2025-08-13 09:45:00+00:00,short,3360.11,3366.31,620,loss,loss,-1.0
LON_ATTR_SHORT,XAUUSD,2025-08-25 14:00:00+00:00,2025-08-25 23:00:00+00:00,long,3373.73,3361.63,1210,loss,loss,-1.0
LON_ATTR_SHORT,XAUUSD,2025-08-27 08:30:00+00:00,2025-08-28 12:00:00+00:00,long,3383.59,3407.89,2430,win,win,1.0
LON_ATTR_LONG,XAUUSD,2025-09-08 08:30:00+00:00,2025-09-08 10:15:00+00:00,short,3612.39,3621.89,950,loss,loss,-1.0
LON_ATTR_LONG,XAUUSD,2025-09-15 07:30:00+00:00,2025-09-15 13:15:00+00:00,short,3641.18,3653.18,1200,loss,loss,-1.0
LON_ATTR_SHORT,XAUUSD,2025-10-07 09:30:00+00:00,2025-10-07 12:45:00+00:00,long,3960.68,3974.78,1410,loss,win,1.0
LON_ATTR_SHORT,XAUUSD,2025-10-13 12:45:00+00:00,2025-10-13 23:30:00+00:00,long,4079.49,4118.39,3890,win,win,1.0
LON_ATTR_SHORT,XAUUSD,2025-10-17 13:00:00+00:00,2025-10-17 13:30:00+00:00,long,4313.26,4285.26,2800,loss,loss,-1.0
LON_ATTR_SHORT,XAUUSD,2025-10-30 13:00:00+00:00,2025-10-30 22:45:00+00:00,long,3975.35,4032.15,5680,loss,win,1.0
LON_ATTR_LONG,XAUUSD,2025-11-06 13:00:00+00:00,2025-11-06 14:15:00+00:00,short,4011.77,3993.47,1830,loss,win,1.0
LON_ATTR_LONG,XAUUSD,2025-11-07 11:30:00+00:00,2025-11-07 16:30:00+00:00,short,3998.43,4015.73,1730,loss,loss,-1.0
LON_ATTR_LONG,XAUUSD,2025-11-13 10:15:00+00:00,2025-11-13 14:15:00+00:00,short,4234.72,4207.82,2690,loss,win,1.0
LON_ATTR_LONG,XAUUSD,2025-11-17 08:00:00+00:00,2025-11-17 08:15:00+00:00,short,4090.0,4082.6,740,win,win,1.0
LON_ATTR_SHORT,XAUUSD,2025-12-19 09:30:00+00:00,2025-12-19 15:00:00+00:00,long,4330.56,4343.36,1280,win,win,1.0
LON_ATTR_SHORT,XAUUSD,2026-01-06 09:30:00+00:00,2026-01-06 14:00:00+00:00,long,4455.86,4471.66,1580,loss,win,1.0
LON_ATTR_LONG,XAUUSD,2026-01-16 11:15:00+00:00,2026-01-16 12:30:00+00:00,short,4611.18,4603.98,720,win,win,1.0
LON_ATTR_SHORT,XAUUSD,2026-02-16 15:45:00+00:00,2026-02-16 17:15:00+00:00,long,4979.68,4994.98,1530,loss,win,1.0
LON_ATTR_SHORT,XAUUSD,2026-02-17 07:45:00+00:00,2026-02-17 08:00:00+00:00,long,4916.76,4929.46,1270,win,win,1.0
LON_ATTR_SHORT,XAUUSD,2026-02-23 08:45:00+00:00,2026-02-23 10:45:00+00:00,long,5140.27,5157.87,1760,loss,win,1.0
LON_ATTR_SHORT,XAUUSD,2026-02-24 08:00:00+00:00,2026-02-24 12:15:00+00:00,long,5170.63,5158.63,1200,win,loss,-1.0
LON_ATTR_SHORT,XAUUSD,2026-03-03 15:15:00+00:00,2026-03-03 16:30:00+00:00,long,5043.79,5127.39,8360,win,win,1.0
LON_ATTR_LONG,XAUUSD,2026-03-17 09:00:00+00:00,2026-03-17 10:30:00+00:00,short,5013.9,4994.8,1910,loss,win,1.0
LON_ATTR_SHORT,XAUUSD,2026-03-27 11:15:00+00:00,2026-03-27 12:15:00+00:00,long,4415.06,4430.26,1520,win,win,1.0
LON_ATTR_SHORT,XAUUSD,2026-04-16 09:45:00+00:00,2026-04-16 13:45:00+00:00,long,4812.85,4793.15,1970,win,loss,-1.0
LON_ATTR_LONG,XAUUSD,2026-04-17 15:30:00+00:00,2026-04-19 22:00:00+00:00,short,4858.82,4828.72,3010,win,win,1.0
LON_ATTR_LONG,XAUUSD,2026-04-20 07:15:00+00:00,2026-04-20 07:30:00+00:00,short,4797.83,4792.93,490,win,win,1.0
LON_ATTR_LONG,XAUUSD,2026-04-24 13:00:00+00:00,2026-04-24 14:00:00+00:00,short,4703.03,4721.83,1880,win,loss,-1.0
LON_ATTR_LONG,XAUUSD,2026-04-27 09:30:00+00:00,2026-04-27 14:30:00+00:00,short,4704.58,4684.08,2050,win,win,1.0
LON_ATTR_SHORT,XAUUSD,2026-05-04 08:00:00+00:00,2026-05-04 10:00:00+00:00,long,4580.24,4562.94,1730,loss,loss,-1.0
LON_ATTR_LONG,XAUUSD,2026-05-07 08:30:00+00:00,2026-05-07 08:45:00+00:00,short,4735.32,4735.72,40,win,loss,-1.0
LON_ATTR_LONG,XAUUSD,2026-05-11 15:00:00+00:00,2026-05-11 16:30:00+00:00,short,4728.5,4713.7,1480,win,win,1.0
